[
    {
        "model": "auth.user",
        "fields": {
            "password": "pbkdf2_sha256$36000$vbBGjrdVYjhS$81usBcO+H1/SyabJezo4Fffz9jaGWNNKV3uXiyaBdh4=",
            "last_login": "2017-08-08T08:25:06.568Z",
            "is_superuser": true,
            "username": "root",
            "first_name": "",
            "last_name": "",
            "email": "harchenko.grape@gmail.com",
            "is_staff": true,
            "is_active": true,
            "date_joined": "2017-07-12T09:03:44.770Z",
            "groups": [],
            "user_permissions": []
        }
    },
    {
        "model": "auth.user",
        "fields": {
            "password": "pbkdf2_sha256$36000$ocOCcp9XxPUx$jbbhmELkS+SbCE4rvVuKs3rh7dsqfDyr6tcoRgM1KD4=",
            "last_login": "2017-08-03T13:49:48.827Z",
            "is_superuser": false,
            "username": "user",
            "first_name": "",
            "last_name": "",
            "email": "",
            "is_staff": true,
            "is_active": true,
            "date_joined": "2017-07-13T08:56:08Z",
            "groups": [],
            "user_permissions": []
        }
    },
    {
        "model": "auth.user",
        "fields": {
            "password": "pbkdf2_sha256$36000$1HgHlOcoee7G$UfhhXk/SNCSVZLqivion//M2+OTQLDL3nZ6yuAnJ0l0=",
            "last_login": null,
            "is_superuser": false,
            "username": "User2",
            "first_name": "Bob",
            "last_name": "Smith",
            "email": "",
            "is_staff": false,
            "is_active": true,
            "date_joined": "2017-07-17T06:33:19Z",
            "groups": [],
            "user_permissions": []
        }
    },
    {
        "model": "auth.user",
        "fields": {
            "password": "pbkdf2_sha256$36000$NW71r7KUMWYL$xXqYApshWW3v16N4Kw/YEr1b3QpFCMHeBJBz0kE7vKw=",
            "last_login": null,
            "is_superuser": false,
            "username": "Student1",
            "first_name": "Иван",
            "last_name": "Петров",
            "email": "",
            "is_staff": false,
            "is_active": true,
            "date_joined": "2017-08-09T08:03:42Z",
            "groups": [],
            "user_permissions": []
        }
    },
    {
        "model": "sessions.session",
        "pk": "4o48ncwy5hf0056awveia9867fdkb1cm",
        "fields": {
            "session_data": "YjlmYWRlMmMyMDA0NWRhM2Q3N2YzM2FkNjkxNGI5MWNlMDUzNDk1Nzp7Il9hdXRoX3VzZXJfaWQiOiIxIiwiX2F1dGhfdXNlcl9iYWNrZW5kIjoiZGphbmdvLmNvbnRyaWIuYXV0aC5iYWNrZW5kcy5Nb2RlbEJhY2tlbmQiLCJfYXV0aF91c2VyX2hhc2giOiJiNDdjMjY4NmI1OTY5MDg3MmZjNGU3ZjA0NDgxOGNiNjhkMmE2MTkwIn0=",
            "expire_date": "2017-07-27T08:41:42.104Z"
        }
    },
    {
        "model": "sessions.session",
        "pk": "eu4s8tv3c0896vz84mnyab7iasb2b7n3",
        "fields": {
            "session_data": "YjlmYWRlMmMyMDA0NWRhM2Q3N2YzM2FkNjkxNGI5MWNlMDUzNDk1Nzp7Il9hdXRoX3VzZXJfaWQiOiIxIiwiX2F1dGhfdXNlcl9iYWNrZW5kIjoiZGphbmdvLmNvbnRyaWIuYXV0aC5iYWNrZW5kcy5Nb2RlbEJhY2tlbmQiLCJfYXV0aF91c2VyX2hhc2giOiJiNDdjMjY4NmI1OTY5MDg3MmZjNGU3ZjA0NDgxOGNiNjhkMmE2MTkwIn0=",
            "expire_date": "2017-08-22T08:25:06.655Z"
        }
    },
    {
        "model": "users.profile",
        "pk": 1,
        "fields": {
            "user": [
                "root"
            ],
            "birth_date": null,
            "email_confirmed": false,
            "is_complete": false,
            "avatar": "",
            "avatar_url": null,
            "phone": "",
            "profile_type": "LR",
            "city": null,
            "grade": null,
            "school": null
        }
    },
    {
        "model": "users.profile",
        "pk": 2,
        "fields": {
            "user": [
                "user"
            ],
            "birth_date": null,
            "email_confirmed": false,
            "is_complete": false,
            "avatar": "",
            "avatar_url": null,
            "phone": "",
            "profile_type": "LR",
            "city": null,
            "grade": null,
            "school": null
        }
    },
    {
        "model": "users.profile",
        "pk": 3,
        "fields": {
            "user": [
                "User2"
            ],
            "birth_date": null,
            "email_confirmed": false,
            "is_complete": false,
            "avatar": "",
            "avatar_url": null,
            "phone": "",
            "profile_type": "LR",
            "city": null,
            "grade": null,
            "school": null
        }
    },
    {
        "model": "users.profile",
        "pk": 4,
        "fields": {
            "user": [
                "Student1"
            ],
            "birth_date": null,
            "email_confirmed": false,
            "is_complete": false,
            "avatar": "",
            "avatar_url": null,
            "phone": "",
            "profile_type": "LR",
            "city": null,
            "grade": null,
            "school": null
        }
    },
    {
        "model": "blocks.block",
        "pk": 1,
        "fields": {
            "polymorphic_ctype": [
                "blocks",
                "choiceblock"
            ],
            "time": 2,
            "score": 2
        }
    },
    {
        "model": "blocks.block",
        "pk": 2,
        "fields": {
            "polymorphic_ctype": [
                "blocks",
                "textblock"
            ],
            "time": 3,
            "score": 3
        }
    },
    {
        "model": "blocks.block",
        "pk": 3,
        "fields": {
            "polymorphic_ctype": [
                "blocks",
                "textblock"
            ],
            "time": 3,
            "score": 0
        }
    },
    {
        "model": "blocks.textblock",
        "pk": 2,
        "fields": {
            "title": "Ghbdtn",
            "body": "vgudsck k"
        }
    },
    {
        "model": "blocks.textblock",
        "pk": 3,
        "fields": {
            "title": "Markdown",
            "body": "Привет!\r\n=================="
        }
    },
    {
        "model": "blocks.choiceblock",
        "pk": 1,
        "fields": {
            "question_text": "WTF?",
            "image": ""
        }
    },
    {
        "model": "blocks.choiceblockoption",
        "pk": 1,
        "fields": {
            "choice_block": 1,
            "option_text": "qw",
            "option_image": "",
            "help_text": "qwer",
            "is_true": true
        }
    },
    {
        "model": "blocks.choiceblockoption",
        "pk": 2,
        "fields": {
            "choice_block": 1,
            "option_text": "hgf",
            "option_image": "",
            "help_text": "iutr",
            "is_true": false
        }
    },
    {
        "model": "blocks.choiceblockoption",
        "pk": 3,
        "fields": {
            "choice_block": 1,
            "option_text": "nojnijn",
            "option_image": "",
            "help_text": "",
            "is_true": true
        }
    },
    {
        "model": "blocks.nodeblockrelation",
        "pk": 1,
        "fields": {
            "node": 1,
            "block": 1,
            "order": 0
        }
    },
    {
        "model": "blocks.nodeblockrelation",
        "pk": 2,
        "fields": {
            "node": 1,
            "block": 2,
            "order": 0
        }
    },
    {
        "model": "nodes.node",
        "pk": 1,
        "fields": {
            "title": "Физическое тело. Вещество, материя.",
            "subject_tag": 1,
            "node_type": "DF"
        }
    },
    {
        "model": "nodes.node",
        "pk": 2,
        "fields": {
            "title": "Простейшие свойства вещества.",
            "subject_tag": 1,
            "node_type": "DF"
        }
    },
    {
        "model": "nodes.node",
        "pk": 3,
        "fields": {
            "title": "Агрегатные состояния вещества.",
            "subject_tag": 1,
            "node_type": "DF"
        }
    },
    {
        "model": "nodes.node",
        "pk": 4,
        "fields": {
            "title": "Молекулы. Атомы. Их классификация.",
            "subject_tag": 1,
            "node_type": "DF"
        }
    },
    {
        "model": "nodes.noderelation",
        "pk": 1,
        "fields": {
            "parent": 1,
            "child": 2,
            "relation_type": "ST"
        }
    },
    {
        "model": "nodes.noderelation",
        "pk": 2,
        "fields": {
            "parent": 1,
            "child": 3,
            "relation_type": "ST"
        }
    },
    {
        "model": "nodes.noderelation",
        "pk": 3,
        "fields": {
            "parent": 1,
            "child": 4,
            "relation_type": "ST"
        }
    },
    {
        "model": "tasks.task",
        "pk": 1,
        "fields": {
            "student": [
                "root"
            ],
            "teacher": [
                "root"
            ],
            "lesson": 1,
            "start_time": "2017-07-12T08:23:55Z",
            "finish_time": "2018-07-12T08:23:57Z",
            "is_finished": false
        }
    },
    {
        "model": "tasks.task",
        "pk": 2,
        "fields": {
            "student": [
                "user"
            ],
            "teacher": [
                "root"
            ],
            "lesson": 2,
            "start_time": "2017-08-08T09:44:09Z",
            "finish_time": "2017-08-09T09:44:13Z",
            "is_finished": false
        }
    },
    {
        "model": "results.result",
        "pk": 150,
        "fields": {
            "polymorphic_ctype": [
                "results",
                "taskresult"
            ],
            "student": [
                "root"
            ],
            "date": "2017-08-08T12:31:25.522Z",
            "score": 4,
            "max_score": 5
        }
    },
    {
        "model": "results.result",
        "pk": 151,
        "fields": {
            "polymorphic_ctype": [
                "results",
                "textblockresult"
            ],
            "student": [
                "root"
            ],
            "date": "2017-08-08T12:31:25.582Z",
            "score": 3,
            "max_score": 3
        }
    },
    {
        "model": "results.result",
        "pk": 152,
        "fields": {
            "polymorphic_ctype": [
                "results",
                "choiceblockresult"
            ],
            "student": [
                "root"
            ],
            "date": "2017-08-08T12:31:25.664Z",
            "score": 1,
            "max_score": 2
        }
    },
    {
        "model": "results.taskresult",
        "pk": 150,
        "fields": {
            "task": 1
        }
    },
    {
        "model": "results.blockresult",
        "pk": 151,
        "fields": {
            "block": 2
        }
    },
    {
        "model": "results.blockresult",
        "pk": 152,
        "fields": {
            "block": 1
        }
    },
    {
        "model": "results.textblockresult",
        "pk": 151,
        "fields": {
            "answer": true
        }
    },
    {
        "model": "results.choiceblockresult",
        "pk": 152,
        "fields": {
            "answer": "[\"2\", \"3\"]"
        }
    },
    {
        "model": "results.taskresultblockresultrelation",
        "pk": 72,
        "fields": {
            "task_result": 150,
            "block_result": 151
        }
    },
    {
        "model": "results.taskresultblockresultrelation",
        "pk": 73,
        "fields": {
            "task_result": 150,
            "block_result": 152
        }
    },
    {
        "model": "lessons.lesson",
        "pk": 1,
        "fields": {
            "title": "Первый урок 7 класса",
            "subject_tag": 1,
            "about": "Познакомимся с веществом!",
            "time": 20
        }
    },
    {
        "model": "lessons.lesson",
        "pk": 2,
        "fields": {
            "title": "Первый урок 8 класса",
            "subject_tag": 1,
            "about": "привет",
            "time": 20
        }
    },
    {
        "model": "lessons.lesson",
        "pk": 3,
        "fields": {
            "title": "Движение",
            "subject_tag": 1,
            "about": "Основные понятия",
            "time": 20
        }
    },
    {
        "model": "lessons.lessonnoderelation",
        "pk": 1,
        "fields": {
            "lesson": 1,
            "node": 1
        }
    },
    {
        "model": "lessons.lessonnoderelation",
        "pk": 2,
        "fields": {
            "lesson": 1,
            "node": 2
        }
    },
    {
        "model": "lessons.lessonnoderelation",
        "pk": 3,
        "fields": {
            "lesson": 1,
            "node": 3
        }
    },
    {
        "model": "lessons.lessonnoderelation",
        "pk": 4,
        "fields": {
            "lesson": 1,
            "node": 4
        }
    },
    {
        "model": "tags.subjecttag",
        "pk": 1,
        "fields": {
            "title": "Физика"
        }
    },
    {
        "model": "courses.course",
        "pk": 1,
        "fields": {
            "title": "Физика 7 класс",
            "subject_tag": 1,
            "teacher": [
                "root"
            ],
            "about": "Курс по физике для 7 класса"
        }
    },
    {
        "model": "courses.courselessonrelaion",
        "pk": 1,
        "fields": {
            "course": 1,
            "lesson": 1,
            "order": 1
        }
    },
    {
        "model": "courses.courselessonrelaion",
        "pk": 2,
        "fields": {
            "course": 1,
            "lesson": 3,
            "order": 2
        }
    },
    {
        "model": "groups.studentgroup",
        "pk": 1,
        "fields": {
            "title": "Ф7",
            "teacher": [
                "root"
            ],
            "about": "Физика 7 класс"
        }
    },
    {
        "model": "groups.studentgrouprelation",
        "pk": 1,
        "fields": {
            "student": [
                "user"
            ],
            "group": 1
        }
    },
    {
        "model": "groups.studentgrouprelation",
        "pk": 2,
        "fields": {
            "student": [
                "Student1"
            ],
            "group": 1
        }
    },
    {
        "model": "groups.studentgrouprelation",
        "pk": 4,
        "fields": {
            "student": [
                "root"
            ],
            "group": 1
        }
    },
    {
        "model": "groups.coursegrouprelation",
        "pk": 1,
        "fields": {
            "course": 1,
            "group": 1,
            "start_time": "2017-08-09T08:02:42Z",
            "finish_time": null,
            "is_finished": false
        }
    },
    {
        "model": "admin.logentry",
        "pk": 1,
        "fields": {
            "action_time": "2017-07-13T08:42:06.126Z",
            "user": [
                "root"
            ],
            "content_type": [
                "authtoken",
                "token"
            ],
            "object_id": "f110231dd632d4eefbd816e98bbce39c12af4dce",
            "object_repr": "f110231dd632d4eefbd816e98bbce39c12af4dce",
            "action_flag": 1,
            "change_message": "[{\"added\": {}}]"
        }
    },
    {
        "model": "admin.logentry",
        "pk": 2,
        "fields": {
            "action_time": "2017-07-13T08:56:08.724Z",
            "user": [
                "root"
            ],
            "content_type": [
                "auth",
                "user"
            ],
            "object_id": "2",
            "object_repr": "user",
            "action_flag": 1,
            "change_message": "[{\"added\": {}}]"
        }
    },
    {
        "model": "admin.logentry",
        "pk": 3,
        "fields": {
            "action_time": "2017-07-13T08:56:48.299Z",
            "user": [
                "root"
            ],
            "content_type": [
                "auth",
                "user"
            ],
            "object_id": "2",
            "object_repr": "user",
            "action_flag": 2,
            "change_message": "[{\"changed\": {\"fields\": [\"is_staff\"]}}]"
        }
    },
    {
        "model": "admin.logentry",
        "pk": 4,
        "fields": {
            "action_time": "2017-07-13T08:57:09.272Z",
            "user": [
                "root"
            ],
            "content_type": [
                "authtoken",
                "token"
            ],
            "object_id": "37274155cfe0081ae12c77bfdbafa3372d2b93a9",
            "object_repr": "37274155cfe0081ae12c77bfdbafa3372d2b93a9",
            "action_flag": 1,
            "change_message": "[{\"added\": {}}]"
        }
    },
    {
        "model": "admin.logentry",
        "pk": 5,
        "fields": {
            "action_time": "2017-07-14T11:24:11.640Z",
            "user": [
                "root"
            ],
            "content_type": [
                "authtoken",
                "token"
            ],
            "object_id": "37274155cfe0081ae12c77bfdbafa3372d2b93a9",
            "object_repr": "37274155cfe0081ae12c77bfdbafa3372d2b93a9",
            "action_flag": 3,
            "change_message": ""
        }
    },
    {
        "model": "admin.logentry",
        "pk": 6,
        "fields": {
            "action_time": "2017-07-17T05:48:38.037Z",
            "user": [
                "root"
            ],
            "content_type": [
                "blocks",
                "choiceblock"
            ],
            "object_id": "1",
            "object_repr": "WTF?",
            "action_flag": 1,
            "change_message": "[{\"added\": {}}]"
        }
    },
    {
        "model": "admin.logentry",
        "pk": 7,
        "fields": {
            "action_time": "2017-07-17T05:49:01.096Z",
            "user": [
                "root"
            ],
            "content_type": [
                "blocks",
                "choiceblockoption"
            ],
            "object_id": "1",
            "object_repr": "qw",
            "action_flag": 1,
            "change_message": "[{\"added\": {}}]"
        }
    },
    {
        "model": "admin.logentry",
        "pk": 8,
        "fields": {
            "action_time": "2017-07-17T05:49:12.930Z",
            "user": [
                "root"
            ],
            "content_type": [
                "blocks",
                "choiceblockoption"
            ],
            "object_id": "2",
            "object_repr": "hgf",
            "action_flag": 1,
            "change_message": "[{\"added\": {}}]"
        }
    },
    {
        "model": "admin.logentry",
        "pk": 9,
        "fields": {
            "action_time": "2017-07-17T05:49:30.106Z",
            "user": [
                "root"
            ],
            "content_type": [
                "blocks",
                "choiceblockoption"
            ],
            "object_id": "3",
            "object_repr": "nojnijn",
            "action_flag": 1,
            "change_message": "[{\"added\": {}}]"
        }
    },
    {
        "model": "admin.logentry",
        "pk": 10,
        "fields": {
            "action_time": "2017-07-17T05:49:45.714Z",
            "user": [
                "root"
            ],
            "content_type": [
                "blocks",
                "nodeblockrelation"
            ],
            "object_id": "1",
            "object_repr": "WTF? in Физическое тело. Вещество, материя.",
            "action_flag": 1,
            "change_message": "[{\"added\": {}}]"
        }
    },
    {
        "model": "admin.logentry",
        "pk": 11,
        "fields": {
            "action_time": "2017-07-17T05:53:36.333Z",
            "user": [
                "root"
            ],
            "content_type": [
                "blocks",
                "textblock"
            ],
            "object_id": "2",
            "object_repr": "Ghbdtn",
            "action_flag": 1,
            "change_message": "[{\"added\": {}}]"
        }
    },
    {
        "model": "admin.logentry",
        "pk": 12,
        "fields": {
            "action_time": "2017-07-17T05:53:47.129Z",
            "user": [
                "root"
            ],
            "content_type": [
                "blocks",
                "nodeblockrelation"
            ],
            "object_id": "2",
            "object_repr": "Ghbdtn in Физическое тело. Вещество, материя.",
            "action_flag": 1,
            "change_message": "[{\"added\": {}}]"
        }
    },
    {
        "model": "admin.logentry",
        "pk": 13,
        "fields": {
            "action_time": "2017-07-17T06:33:20.072Z",
            "user": [
                "root"
            ],
            "content_type": [
                "auth",
                "user"
            ],
            "object_id": "3",
            "object_repr": "User2",
            "action_flag": 1,
            "change_message": "[{\"added\": {}}]"
        }
    },
    {
        "model": "admin.logentry",
        "pk": 14,
        "fields": {
            "action_time": "2017-07-17T06:33:42.619Z",
            "user": [
                "root"
            ],
            "content_type": [
                "auth",
                "user"
            ],
            "object_id": "3",
            "object_repr": "User2",
            "action_flag": 2,
            "change_message": "[{\"changed\": {\"fields\": [\"first_name\", \"last_name\"]}}]"
        }
    },
    {
        "model": "admin.logentry",
        "pk": 15,
        "fields": {
            "action_time": "2017-08-04T09:45:25.189Z",
            "user": [
                "root"
            ],
            "content_type": [
                "results",
                "taskresult"
            ],
            "object_id": "23",
            "object_repr": "root, For root, \"Первый урок 7 класса\", 2017-08-04 09:41:19.754349+00:00",
            "action_flag": 3,
            "change_message": ""
        }
    },
    {
        "model": "admin.logentry",
        "pk": 16,
        "fields": {
            "action_time": "2017-08-04T09:45:25.205Z",
            "user": [
                "root"
            ],
            "content_type": [
                "results",
                "taskresult"
            ],
            "object_id": "22",
            "object_repr": "root, For root, \"Первый урок 7 класса\", 2017-08-04 09:38:28.620462+00:00",
            "action_flag": 3,
            "change_message": ""
        }
    },
    {
        "model": "admin.logentry",
        "pk": 17,
        "fields": {
            "action_time": "2017-08-04T09:45:25.217Z",
            "user": [
                "root"
            ],
            "content_type": [
                "results",
                "taskresult"
            ],
            "object_id": "21",
            "object_repr": "root, For root, \"Первый урок 7 класса\", 2017-08-04 09:37:15.282524+00:00",
            "action_flag": 3,
            "change_message": ""
        }
    },
    {
        "model": "admin.logentry",
        "pk": 18,
        "fields": {
            "action_time": "2017-08-04T09:45:25.230Z",
            "user": [
                "root"
            ],
            "content_type": [
                "results",
                "taskresult"
            ],
            "object_id": "20",
            "object_repr": "root, For root, \"Первый урок 7 класса\", 2017-08-04 09:35:46.040758+00:00",
            "action_flag": 3,
            "change_message": ""
        }
    },
    {
        "model": "admin.logentry",
        "pk": 19,
        "fields": {
            "action_time": "2017-08-04T09:45:25.242Z",
            "user": [
                "root"
            ],
            "content_type": [
                "results",
                "taskresult"
            ],
            "object_id": "19",
            "object_repr": "root, For root, \"Первый урок 7 класса\", 2017-08-04 09:27:31.071841+00:00",
            "action_flag": 3,
            "change_message": ""
        }
    },
    {
        "model": "admin.logentry",
        "pk": 20,
        "fields": {
            "action_time": "2017-08-04T09:45:25.254Z",
            "user": [
                "root"
            ],
            "content_type": [
                "results",
                "taskresult"
            ],
            "object_id": "18",
            "object_repr": "root, For root, \"Первый урок 7 класса\", 2017-08-04 09:25:54.767497+00:00",
            "action_flag": 3,
            "change_message": ""
        }
    },
    {
        "model": "admin.logentry",
        "pk": 21,
        "fields": {
            "action_time": "2017-08-04T09:45:25.268Z",
            "user": [
                "root"
            ],
            "content_type": [
                "results",
                "taskresult"
            ],
            "object_id": "17",
            "object_repr": "root, For root, \"Первый урок 7 класса\", 2017-08-04 09:24:54.176073+00:00",
            "action_flag": 3,
            "change_message": ""
        }
    },
    {
        "model": "admin.logentry",
        "pk": 22,
        "fields": {
            "action_time": "2017-08-04T09:45:25.279Z",
            "user": [
                "root"
            ],
            "content_type": [
                "results",
                "taskresult"
            ],
            "object_id": "16",
            "object_repr": "root, For root, \"Первый урок 7 класса\", 2017-08-04 09:23:48.674133+00:00",
            "action_flag": 3,
            "change_message": ""
        }
    },
    {
        "model": "admin.logentry",
        "pk": 23,
        "fields": {
            "action_time": "2017-08-04T09:45:25.291Z",
            "user": [
                "root"
            ],
            "content_type": [
                "results",
                "taskresult"
            ],
            "object_id": "15",
            "object_repr": "root, For root, \"Первый урок 7 класса\", 2017-08-04 09:22:38.396584+00:00",
            "action_flag": 3,
            "change_message": ""
        }
    },
    {
        "model": "admin.logentry",
        "pk": 24,
        "fields": {
            "action_time": "2017-08-04T09:45:25.305Z",
            "user": [
                "root"
            ],
            "content_type": [
                "results",
                "taskresult"
            ],
            "object_id": "14",
            "object_repr": "root, For root, \"Первый урок 7 класса\", 2017-08-04 09:19:59.138673+00:00",
            "action_flag": 3,
            "change_message": ""
        }
    },
    {
        "model": "admin.logentry",
        "pk": 25,
        "fields": {
            "action_time": "2017-08-04T09:45:25.319Z",
            "user": [
                "root"
            ],
            "content_type": [
                "results",
                "taskresult"
            ],
            "object_id": "13",
            "object_repr": "root, For root, \"Первый урок 7 класса\", 2017-08-04 09:18:10.219516+00:00",
            "action_flag": 3,
            "change_message": ""
        }
    },
    {
        "model": "admin.logentry",
        "pk": 26,
        "fields": {
            "action_time": "2017-08-04T09:45:25.331Z",
            "user": [
                "root"
            ],
            "content_type": [
                "results",
                "taskresult"
            ],
            "object_id": "12",
            "object_repr": "root, For root, \"Первый урок 7 класса\", 2017-08-04 09:16:43.798962+00:00",
            "action_flag": 3,
            "change_message": ""
        }
    },
    {
        "model": "admin.logentry",
        "pk": 27,
        "fields": {
            "action_time": "2017-08-04T09:45:25.344Z",
            "user": [
                "root"
            ],
            "content_type": [
                "results",
                "taskresult"
            ],
            "object_id": "11",
            "object_repr": "root, For root, \"Первый урок 7 класса\", 2017-08-04 09:11:18.500577+00:00",
            "action_flag": 3,
            "change_message": ""
        }
    },
    {
        "model": "admin.logentry",
        "pk": 28,
        "fields": {
            "action_time": "2017-08-04T09:45:25.356Z",
            "user": [
                "root"
            ],
            "content_type": [
                "results",
                "taskresult"
            ],
            "object_id": "10",
            "object_repr": "root, For root, \"Первый урок 7 класса\", 2017-08-04 09:10:55.748850+00:00",
            "action_flag": 3,
            "change_message": ""
        }
    },
    {
        "model": "admin.logentry",
        "pk": 29,
        "fields": {
            "action_time": "2017-08-04T09:45:25.370Z",
            "user": [
                "root"
            ],
            "content_type": [
                "results",
                "taskresult"
            ],
            "object_id": "9",
            "object_repr": "root, For root, \"Первый урок 7 класса\", 2017-08-04 09:03:04.186950+00:00",
            "action_flag": 3,
            "change_message": ""
        }
    },
    {
        "model": "admin.logentry",
        "pk": 30,
        "fields": {
            "action_time": "2017-08-04T09:45:25.384Z",
            "user": [
                "root"
            ],
            "content_type": [
                "results",
                "taskresult"
            ],
            "object_id": "8",
            "object_repr": "root, For root, \"Первый урок 7 класса\", 2017-08-04 09:02:24.884465+00:00",
            "action_flag": 3,
            "change_message": ""
        }
    },
    {
        "model": "admin.logentry",
        "pk": 31,
        "fields": {
            "action_time": "2017-08-04T09:45:25.396Z",
            "user": [
                "root"
            ],
            "content_type": [
                "results",
                "taskresult"
            ],
            "object_id": "7",
            "object_repr": "root, For root, \"Первый урок 7 класса\", 2017-08-04 09:00:40.074170+00:00",
            "action_flag": 3,
            "change_message": ""
        }
    },
    {
        "model": "admin.logentry",
        "pk": 32,
        "fields": {
            "action_time": "2017-08-04T09:45:25.407Z",
            "user": [
                "root"
            ],
            "content_type": [
                "results",
                "taskresult"
            ],
            "object_id": "6",
            "object_repr": "root, For root, \"Первый урок 7 класса\", 2017-08-04 08:57:53.538181+00:00",
            "action_flag": 3,
            "change_message": ""
        }
    },
    {
        "model": "admin.logentry",
        "pk": 33,
        "fields": {
            "action_time": "2017-08-04T09:45:25.420Z",
            "user": [
                "root"
            ],
            "content_type": [
                "results",
                "taskresult"
            ],
            "object_id": "5",
            "object_repr": "root, For root, \"Первый урок 7 класса\", 2017-08-04 08:55:30.695337+00:00",
            "action_flag": 3,
            "change_message": ""
        }
    },
    {
        "model": "admin.logentry",
        "pk": 34,
        "fields": {
            "action_time": "2017-08-04T09:45:25.437Z",
            "user": [
                "root"
            ],
            "content_type": [
                "results",
                "taskresult"
            ],
            "object_id": "4",
            "object_repr": "root, For root, \"Первый урок 7 класса\", 2017-08-04 08:46:54.275202+00:00",
            "action_flag": 3,
            "change_message": ""
        }
    },
    {
        "model": "admin.logentry",
        "pk": 35,
        "fields": {
            "action_time": "2017-08-04T09:45:25.449Z",
            "user": [
                "root"
            ],
            "content_type": [
                "results",
                "taskresult"
            ],
            "object_id": "3",
            "object_repr": "root, For root, \"Первый урок 7 класса\", 2017-08-04 08:45:55.982311+00:00",
            "action_flag": 3,
            "change_message": ""
        }
    },
    {
        "model": "admin.logentry",
        "pk": 36,
        "fields": {
            "action_time": "2017-08-04T09:45:25.461Z",
            "user": [
                "root"
            ],
            "content_type": [
                "results",
                "taskresult"
            ],
            "object_id": "2",
            "object_repr": "root, For root, \"Первый урок 7 класса\", 2017-08-04 08:45:24.628029+00:00",
            "action_flag": 3,
            "change_message": ""
        }
    },
    {
        "model": "admin.logentry",
        "pk": 37,
        "fields": {
            "action_time": "2017-08-04T09:55:55.179Z",
            "user": [
                "root"
            ],
            "content_type": [
                "blocks",
                "textblock"
            ],
            "object_id": "2",
            "object_repr": "Ghbdtn",
            "action_flag": 2,
            "change_message": "[{\"changed\": {\"fields\": [\"score\"]}}]"
        }
    },
    {
        "model": "admin.logentry",
        "pk": 38,
        "fields": {
            "action_time": "2017-08-04T11:03:45.502Z",
            "user": [
                "root"
            ],
            "content_type": [
                "blocks",
                "choiceblock"
            ],
            "object_id": "1",
            "object_repr": "WTF?",
            "action_flag": 2,
            "change_message": "[{\"changed\": {\"fields\": [\"score\"]}}]"
        }
    },
    {
        "model": "admin.logentry",
        "pk": 39,
        "fields": {
            "action_time": "2017-08-04T11:12:52.806Z",
            "user": [
                "root"
            ],
            "content_type": [
                "blocks",
                "textblock"
            ],
            "object_id": "2",
            "object_repr": "Ghbdtn",
            "action_flag": 2,
            "change_message": "[{\"changed\": {\"fields\": [\"score\"]}}]"
        }
    },
    {
        "model": "admin.logentry",
        "pk": 40,
        "fields": {
            "action_time": "2017-08-04T11:27:42.865Z",
            "user": [
                "root"
            ],
            "content_type": [
                "results",
                "taskresultblockresultrelation"
            ],
            "object_id": "39",
            "object_repr": "TaskResultBlockResultRelation object",
            "action_flag": 3,
            "change_message": ""
        }
    },
    {
        "model": "admin.logentry",
        "pk": 41,
        "fields": {
            "action_time": "2017-08-04T11:27:42.880Z",
            "user": [
                "root"
            ],
            "content_type": [
                "results",
                "taskresultblockresultrelation"
            ],
            "object_id": "38",
            "object_repr": "TaskResultBlockResultRelation object",
            "action_flag": 3,
            "change_message": ""
        }
    },
    {
        "model": "admin.logentry",
        "pk": 42,
        "fields": {
            "action_time": "2017-08-04T11:27:42.893Z",
            "user": [
                "root"
            ],
            "content_type": [
                "results",
                "taskresultblockresultrelation"
            ],
            "object_id": "37",
            "object_repr": "TaskResultBlockResultRelation object",
            "action_flag": 3,
            "change_message": ""
        }
    },
    {
        "model": "admin.logentry",
        "pk": 43,
        "fields": {
            "action_time": "2017-08-04T11:27:42.906Z",
            "user": [
                "root"
            ],
            "content_type": [
                "results",
                "taskresultblockresultrelation"
            ],
            "object_id": "36",
            "object_repr": "TaskResultBlockResultRelation object",
            "action_flag": 3,
            "change_message": ""
        }
    },
    {
        "model": "admin.logentry",
        "pk": 44,
        "fields": {
            "action_time": "2017-08-04T11:27:42.917Z",
            "user": [
                "root"
            ],
            "content_type": [
                "results",
                "taskresultblockresultrelation"
            ],
            "object_id": "35",
            "object_repr": "TaskResultBlockResultRelation object",
            "action_flag": 3,
            "change_message": ""
        }
    },
    {
        "model": "admin.logentry",
        "pk": 45,
        "fields": {
            "action_time": "2017-08-04T11:27:42.930Z",
            "user": [
                "root"
            ],
            "content_type": [
                "results",
                "taskresultblockresultrelation"
            ],
            "object_id": "34",
            "object_repr": "TaskResultBlockResultRelation object",
            "action_flag": 3,
            "change_message": ""
        }
    },
    {
        "model": "admin.logentry",
        "pk": 46,
        "fields": {
            "action_time": "2017-08-04T11:27:42.942Z",
            "user": [
                "root"
            ],
            "content_type": [
                "results",
                "taskresultblockresultrelation"
            ],
            "object_id": "33",
            "object_repr": "TaskResultBlockResultRelation object",
            "action_flag": 3,
            "change_message": ""
        }
    },
    {
        "model": "admin.logentry",
        "pk": 47,
        "fields": {
            "action_time": "2017-08-04T11:27:42.953Z",
            "user": [
                "root"
            ],
            "content_type": [
                "results",
                "taskresultblockresultrelation"
            ],
            "object_id": "32",
            "object_repr": "TaskResultBlockResultRelation object",
            "action_flag": 3,
            "change_message": ""
        }
    },
    {
        "model": "admin.logentry",
        "pk": 48,
        "fields": {
            "action_time": "2017-08-04T11:27:42.967Z",
            "user": [
                "root"
            ],
            "content_type": [
                "results",
                "taskresultblockresultrelation"
            ],
            "object_id": "31",
            "object_repr": "TaskResultBlockResultRelation object",
            "action_flag": 3,
            "change_message": ""
        }
    },
    {
        "model": "admin.logentry",
        "pk": 49,
        "fields": {
            "action_time": "2017-08-04T11:27:42.981Z",
            "user": [
                "root"
            ],
            "content_type": [
                "results",
                "taskresultblockresultrelation"
            ],
            "object_id": "30",
            "object_repr": "TaskResultBlockResultRelation object",
            "action_flag": 3,
            "change_message": ""
        }
    },
    {
        "model": "admin.logentry",
        "pk": 50,
        "fields": {
            "action_time": "2017-08-04T11:27:42.994Z",
            "user": [
                "root"
            ],
            "content_type": [
                "results",
                "taskresultblockresultrelation"
            ],
            "object_id": "29",
            "object_repr": "TaskResultBlockResultRelation object",
            "action_flag": 3,
            "change_message": ""
        }
    },
    {
        "model": "admin.logentry",
        "pk": 51,
        "fields": {
            "action_time": "2017-08-04T11:27:43.006Z",
            "user": [
                "root"
            ],
            "content_type": [
                "results",
                "taskresultblockresultrelation"
            ],
            "object_id": "28",
            "object_repr": "TaskResultBlockResultRelation object",
            "action_flag": 3,
            "change_message": ""
        }
    },
    {
        "model": "admin.logentry",
        "pk": 52,
        "fields": {
            "action_time": "2017-08-04T11:27:43.017Z",
            "user": [
                "root"
            ],
            "content_type": [
                "results",
                "taskresultblockresultrelation"
            ],
            "object_id": "27",
            "object_repr": "TaskResultBlockResultRelation object",
            "action_flag": 3,
            "change_message": ""
        }
    },
    {
        "model": "admin.logentry",
        "pk": 53,
        "fields": {
            "action_time": "2017-08-04T11:27:43.031Z",
            "user": [
                "root"
            ],
            "content_type": [
                "results",
                "taskresultblockresultrelation"
            ],
            "object_id": "26",
            "object_repr": "TaskResultBlockResultRelation object",
            "action_flag": 3,
            "change_message": ""
        }
    },
    {
        "model": "admin.logentry",
        "pk": 54,
        "fields": {
            "action_time": "2017-08-04T11:27:43.043Z",
            "user": [
                "root"
            ],
            "content_type": [
                "results",
                "taskresultblockresultrelation"
            ],
            "object_id": "25",
            "object_repr": "TaskResultBlockResultRelation object",
            "action_flag": 3,
            "change_message": ""
        }
    },
    {
        "model": "admin.logentry",
        "pk": 55,
        "fields": {
            "action_time": "2017-08-04T11:27:43.054Z",
            "user": [
                "root"
            ],
            "content_type": [
                "results",
                "taskresultblockresultrelation"
            ],
            "object_id": "24",
            "object_repr": "TaskResultBlockResultRelation object",
            "action_flag": 3,
            "change_message": ""
        }
    },
    {
        "model": "admin.logentry",
        "pk": 56,
        "fields": {
            "action_time": "2017-08-04T11:27:43.065Z",
            "user": [
                "root"
            ],
            "content_type": [
                "results",
                "taskresultblockresultrelation"
            ],
            "object_id": "23",
            "object_repr": "TaskResultBlockResultRelation object",
            "action_flag": 3,
            "change_message": ""
        }
    },
    {
        "model": "admin.logentry",
        "pk": 57,
        "fields": {
            "action_time": "2017-08-04T11:27:43.076Z",
            "user": [
                "root"
            ],
            "content_type": [
                "results",
                "taskresultblockresultrelation"
            ],
            "object_id": "22",
            "object_repr": "TaskResultBlockResultRelation object",
            "action_flag": 3,
            "change_message": ""
        }
    },
    {
        "model": "admin.logentry",
        "pk": 58,
        "fields": {
            "action_time": "2017-08-04T11:27:43.087Z",
            "user": [
                "root"
            ],
            "content_type": [
                "results",
                "taskresultblockresultrelation"
            ],
            "object_id": "21",
            "object_repr": "TaskResultBlockResultRelation object",
            "action_flag": 3,
            "change_message": ""
        }
    },
    {
        "model": "admin.logentry",
        "pk": 59,
        "fields": {
            "action_time": "2017-08-04T11:27:43.101Z",
            "user": [
                "root"
            ],
            "content_type": [
                "results",
                "taskresultblockresultrelation"
            ],
            "object_id": "20",
            "object_repr": "TaskResultBlockResultRelation object",
            "action_flag": 3,
            "change_message": ""
        }
    },
    {
        "model": "admin.logentry",
        "pk": 60,
        "fields": {
            "action_time": "2017-08-04T11:27:43.112Z",
            "user": [
                "root"
            ],
            "content_type": [
                "results",
                "taskresultblockresultrelation"
            ],
            "object_id": "19",
            "object_repr": "TaskResultBlockResultRelation object",
            "action_flag": 3,
            "change_message": ""
        }
    },
    {
        "model": "admin.logentry",
        "pk": 61,
        "fields": {
            "action_time": "2017-08-04T11:27:43.125Z",
            "user": [
                "root"
            ],
            "content_type": [
                "results",
                "taskresultblockresultrelation"
            ],
            "object_id": "18",
            "object_repr": "TaskResultBlockResultRelation object",
            "action_flag": 3,
            "change_message": ""
        }
    },
    {
        "model": "admin.logentry",
        "pk": 62,
        "fields": {
            "action_time": "2017-08-04T11:27:43.136Z",
            "user": [
                "root"
            ],
            "content_type": [
                "results",
                "taskresultblockresultrelation"
            ],
            "object_id": "17",
            "object_repr": "TaskResultBlockResultRelation object",
            "action_flag": 3,
            "change_message": ""
        }
    },
    {
        "model": "admin.logentry",
        "pk": 63,
        "fields": {
            "action_time": "2017-08-04T11:27:43.150Z",
            "user": [
                "root"
            ],
            "content_type": [
                "results",
                "taskresultblockresultrelation"
            ],
            "object_id": "16",
            "object_repr": "TaskResultBlockResultRelation object",
            "action_flag": 3,
            "change_message": ""
        }
    },
    {
        "model": "admin.logentry",
        "pk": 64,
        "fields": {
            "action_time": "2017-08-04T11:27:43.162Z",
            "user": [
                "root"
            ],
            "content_type": [
                "results",
                "taskresultblockresultrelation"
            ],
            "object_id": "15",
            "object_repr": "TaskResultBlockResultRelation object",
            "action_flag": 3,
            "change_message": ""
        }
    },
    {
        "model": "admin.logentry",
        "pk": 65,
        "fields": {
            "action_time": "2017-08-04T11:27:43.172Z",
            "user": [
                "root"
            ],
            "content_type": [
                "results",
                "taskresultblockresultrelation"
            ],
            "object_id": "14",
            "object_repr": "TaskResultBlockResultRelation object",
            "action_flag": 3,
            "change_message": ""
        }
    },
    {
        "model": "admin.logentry",
        "pk": 66,
        "fields": {
            "action_time": "2017-08-04T11:27:43.186Z",
            "user": [
                "root"
            ],
            "content_type": [
                "results",
                "taskresultblockresultrelation"
            ],
            "object_id": "13",
            "object_repr": "TaskResultBlockResultRelation object",
            "action_flag": 3,
            "change_message": ""
        }
    },
    {
        "model": "admin.logentry",
        "pk": 67,
        "fields": {
            "action_time": "2017-08-04T11:27:43.197Z",
            "user": [
                "root"
            ],
            "content_type": [
                "results",
                "taskresultblockresultrelation"
            ],
            "object_id": "12",
            "object_repr": "TaskResultBlockResultRelation object",
            "action_flag": 3,
            "change_message": ""
        }
    },
    {
        "model": "admin.logentry",
        "pk": 68,
        "fields": {
            "action_time": "2017-08-04T11:27:43.210Z",
            "user": [
                "root"
            ],
            "content_type": [
                "results",
                "taskresultblockresultrelation"
            ],
            "object_id": "11",
            "object_repr": "TaskResultBlockResultRelation object",
            "action_flag": 3,
            "change_message": ""
        }
    },
    {
        "model": "admin.logentry",
        "pk": 69,
        "fields": {
            "action_time": "2017-08-04T11:27:43.222Z",
            "user": [
                "root"
            ],
            "content_type": [
                "results",
                "taskresultblockresultrelation"
            ],
            "object_id": "10",
            "object_repr": "TaskResultBlockResultRelation object",
            "action_flag": 3,
            "change_message": ""
        }
    },
    {
        "model": "admin.logentry",
        "pk": 70,
        "fields": {
            "action_time": "2017-08-04T11:27:43.234Z",
            "user": [
                "root"
            ],
            "content_type": [
                "results",
                "taskresultblockresultrelation"
            ],
            "object_id": "9",
            "object_repr": "TaskResultBlockResultRelation object",
            "action_flag": 3,
            "change_message": ""
        }
    },
    {
        "model": "admin.logentry",
        "pk": 71,
        "fields": {
            "action_time": "2017-08-04T11:27:43.249Z",
            "user": [
                "root"
            ],
            "content_type": [
                "results",
                "taskresultblockresultrelation"
            ],
            "object_id": "8",
            "object_repr": "TaskResultBlockResultRelation object",
            "action_flag": 3,
            "change_message": ""
        }
    },
    {
        "model": "admin.logentry",
        "pk": 72,
        "fields": {
            "action_time": "2017-08-04T11:27:43.264Z",
            "user": [
                "root"
            ],
            "content_type": [
                "results",
                "taskresultblockresultrelation"
            ],
            "object_id": "7",
            "object_repr": "TaskResultBlockResultRelation object",
            "action_flag": 3,
            "change_message": ""
        }
    },
    {
        "model": "admin.logentry",
        "pk": 73,
        "fields": {
            "action_time": "2017-08-04T11:27:43.277Z",
            "user": [
                "root"
            ],
            "content_type": [
                "results",
                "taskresultblockresultrelation"
            ],
            "object_id": "6",
            "object_repr": "TaskResultBlockResultRelation object",
            "action_flag": 3,
            "change_message": ""
        }
    },
    {
        "model": "admin.logentry",
        "pk": 74,
        "fields": {
            "action_time": "2017-08-04T11:27:43.289Z",
            "user": [
                "root"
            ],
            "content_type": [
                "results",
                "taskresultblockresultrelation"
            ],
            "object_id": "5",
            "object_repr": "TaskResultBlockResultRelation object",
            "action_flag": 3,
            "change_message": ""
        }
    },
    {
        "model": "admin.logentry",
        "pk": 75,
        "fields": {
            "action_time": "2017-08-04T11:27:43.303Z",
            "user": [
                "root"
            ],
            "content_type": [
                "results",
                "taskresultblockresultrelation"
            ],
            "object_id": "4",
            "object_repr": "TaskResultBlockResultRelation object",
            "action_flag": 3,
            "change_message": ""
        }
    },
    {
        "model": "admin.logentry",
        "pk": 76,
        "fields": {
            "action_time": "2017-08-04T11:27:43.316Z",
            "user": [
                "root"
            ],
            "content_type": [
                "results",
                "taskresultblockresultrelation"
            ],
            "object_id": "3",
            "object_repr": "TaskResultBlockResultRelation object",
            "action_flag": 3,
            "change_message": ""
        }
    },
    {
        "model": "admin.logentry",
        "pk": 77,
        "fields": {
            "action_time": "2017-08-04T11:27:43.327Z",
            "user": [
                "root"
            ],
            "content_type": [
                "results",
                "taskresultblockresultrelation"
            ],
            "object_id": "2",
            "object_repr": "TaskResultBlockResultRelation object",
            "action_flag": 3,
            "change_message": ""
        }
    },
    {
        "model": "admin.logentry",
        "pk": 78,
        "fields": {
            "action_time": "2017-08-04T11:27:43.341Z",
            "user": [
                "root"
            ],
            "content_type": [
                "results",
                "taskresultblockresultrelation"
            ],
            "object_id": "1",
            "object_repr": "TaskResultBlockResultRelation object",
            "action_flag": 3,
            "change_message": ""
        }
    },
    {
        "model": "admin.logentry",
        "pk": 79,
        "fields": {
            "action_time": "2017-08-04T11:28:07.049Z",
            "user": [
                "root"
            ],
            "content_type": [
                "results",
                "taskresult"
            ],
            "object_id": "98",
            "object_repr": "root, For root, \"Первый урок 7 класса\", 2017-08-04 11:20:58.220263+00:00",
            "action_flag": 3,
            "change_message": ""
        }
    },
    {
        "model": "admin.logentry",
        "pk": 80,
        "fields": {
            "action_time": "2017-08-04T11:28:07.068Z",
            "user": [
                "root"
            ],
            "content_type": [
                "results",
                "taskresult"
            ],
            "object_id": "95",
            "object_repr": "root, For root, \"Первый урок 7 класса\", 2017-08-04 11:19:59.633167+00:00",
            "action_flag": 3,
            "change_message": ""
        }
    },
    {
        "model": "admin.logentry",
        "pk": 81,
        "fields": {
            "action_time": "2017-08-04T11:28:07.079Z",
            "user": [
                "root"
            ],
            "content_type": [
                "results",
                "taskresult"
            ],
            "object_id": "92",
            "object_repr": "root, For root, \"Первый урок 7 класса\", 2017-08-04 11:18:23.214862+00:00",
            "action_flag": 3,
            "change_message": ""
        }
    },
    {
        "model": "admin.logentry",
        "pk": 82,
        "fields": {
            "action_time": "2017-08-04T11:28:07.091Z",
            "user": [
                "root"
            ],
            "content_type": [
                "results",
                "taskresult"
            ],
            "object_id": "89",
            "object_repr": "root, For root, \"Первый урок 7 класса\", 2017-08-04 11:14:52.649570+00:00",
            "action_flag": 3,
            "change_message": ""
        }
    },
    {
        "model": "admin.logentry",
        "pk": 83,
        "fields": {
            "action_time": "2017-08-04T11:28:07.105Z",
            "user": [
                "root"
            ],
            "content_type": [
                "results",
                "taskresult"
            ],
            "object_id": "86",
            "object_repr": "root, For root, \"Первый урок 7 класса\", 2017-08-04 11:14:10.592412+00:00",
            "action_flag": 3,
            "change_message": ""
        }
    },
    {
        "model": "admin.logentry",
        "pk": 84,
        "fields": {
            "action_time": "2017-08-04T11:28:07.117Z",
            "user": [
                "root"
            ],
            "content_type": [
                "results",
                "taskresult"
            ],
            "object_id": "83",
            "object_repr": "root, For root, \"Первый урок 7 класса\", 2017-08-04 11:13:01.213839+00:00",
            "action_flag": 3,
            "change_message": ""
        }
    },
    {
        "model": "admin.logentry",
        "pk": 85,
        "fields": {
            "action_time": "2017-08-04T11:28:07.129Z",
            "user": [
                "root"
            ],
            "content_type": [
                "results",
                "taskresult"
            ],
            "object_id": "80",
            "object_repr": "root, For root, \"Первый урок 7 класса\", 2017-08-04 11:11:01.078674+00:00",
            "action_flag": 3,
            "change_message": ""
        }
    },
    {
        "model": "admin.logentry",
        "pk": 86,
        "fields": {
            "action_time": "2017-08-04T11:28:07.141Z",
            "user": [
                "root"
            ],
            "content_type": [
                "results",
                "taskresult"
            ],
            "object_id": "77",
            "object_repr": "root, For root, \"Первый урок 7 класса\", 2017-08-04 11:10:01.913016+00:00",
            "action_flag": 3,
            "change_message": ""
        }
    },
    {
        "model": "admin.logentry",
        "pk": 87,
        "fields": {
            "action_time": "2017-08-04T11:28:07.155Z",
            "user": [
                "root"
            ],
            "content_type": [
                "results",
                "taskresult"
            ],
            "object_id": "74",
            "object_repr": "root, For root, \"Первый урок 7 класса\", 2017-08-04 11:08:37.787005+00:00",
            "action_flag": 3,
            "change_message": ""
        }
    },
    {
        "model": "admin.logentry",
        "pk": 88,
        "fields": {
            "action_time": "2017-08-04T11:28:07.166Z",
            "user": [
                "root"
            ],
            "content_type": [
                "results",
                "taskresult"
            ],
            "object_id": "71",
            "object_repr": "root, For root, \"Первый урок 7 класса\", 2017-08-04 11:03:51.913798+00:00",
            "action_flag": 3,
            "change_message": ""
        }
    },
    {
        "model": "admin.logentry",
        "pk": 89,
        "fields": {
            "action_time": "2017-08-04T11:28:07.178Z",
            "user": [
                "root"
            ],
            "content_type": [
                "results",
                "taskresult"
            ],
            "object_id": "68",
            "object_repr": "root, For root, \"Первый урок 7 класса\", 2017-08-04 11:02:31.748209+00:00",
            "action_flag": 3,
            "change_message": ""
        }
    },
    {
        "model": "admin.logentry",
        "pk": 90,
        "fields": {
            "action_time": "2017-08-04T11:28:07.191Z",
            "user": [
                "root"
            ],
            "content_type": [
                "results",
                "taskresult"
            ],
            "object_id": "65",
            "object_repr": "root, For root, \"Первый урок 7 класса\", 2017-08-04 10:58:39.777742+00:00",
            "action_flag": 3,
            "change_message": ""
        }
    },
    {
        "model": "admin.logentry",
        "pk": 91,
        "fields": {
            "action_time": "2017-08-04T11:28:07.202Z",
            "user": [
                "root"
            ],
            "content_type": [
                "results",
                "taskresult"
            ],
            "object_id": "62",
            "object_repr": "root, For root, \"Первый урок 7 класса\", 2017-08-04 10:13:22.911142+00:00",
            "action_flag": 3,
            "change_message": ""
        }
    },
    {
        "model": "admin.logentry",
        "pk": 92,
        "fields": {
            "action_time": "2017-08-04T11:28:07.213Z",
            "user": [
                "root"
            ],
            "content_type": [
                "results",
                "taskresult"
            ],
            "object_id": "59",
            "object_repr": "root, For root, \"Первый урок 7 класса\", 2017-08-04 10:11:22.792059+00:00",
            "action_flag": 3,
            "change_message": ""
        }
    },
    {
        "model": "admin.logentry",
        "pk": 93,
        "fields": {
            "action_time": "2017-08-04T11:28:07.226Z",
            "user": [
                "root"
            ],
            "content_type": [
                "results",
                "taskresult"
            ],
            "object_id": "56",
            "object_repr": "root, For root, \"Первый урок 7 класса\", 2017-08-04 10:08:49.348441+00:00",
            "action_flag": 3,
            "change_message": ""
        }
    },
    {
        "model": "admin.logentry",
        "pk": 94,
        "fields": {
            "action_time": "2017-08-04T11:28:07.239Z",
            "user": [
                "root"
            ],
            "content_type": [
                "results",
                "taskresult"
            ],
            "object_id": "54",
            "object_repr": "root, For root, \"Первый урок 7 класса\", 2017-08-04 10:08:21.409766+00:00",
            "action_flag": 3,
            "change_message": ""
        }
    },
    {
        "model": "admin.logentry",
        "pk": 95,
        "fields": {
            "action_time": "2017-08-04T11:28:07.252Z",
            "user": [
                "root"
            ],
            "content_type": [
                "results",
                "taskresult"
            ],
            "object_id": "51",
            "object_repr": "root, For root, \"Первый урок 7 класса\", 2017-08-04 10:02:17.631760+00:00",
            "action_flag": 3,
            "change_message": ""
        }
    },
    {
        "model": "admin.logentry",
        "pk": 96,
        "fields": {
            "action_time": "2017-08-04T11:28:07.263Z",
            "user": [
                "root"
            ],
            "content_type": [
                "results",
                "taskresult"
            ],
            "object_id": "48",
            "object_repr": "root, For root, \"Первый урок 7 класса\", 2017-08-04 10:01:43.031122+00:00",
            "action_flag": 3,
            "change_message": ""
        }
    },
    {
        "model": "admin.logentry",
        "pk": 97,
        "fields": {
            "action_time": "2017-08-04T11:28:07.274Z",
            "user": [
                "root"
            ],
            "content_type": [
                "results",
                "taskresult"
            ],
            "object_id": "45",
            "object_repr": "root, For root, \"Первый урок 7 класса\", 2017-08-04 10:01:14.074183+00:00",
            "action_flag": 3,
            "change_message": ""
        }
    },
    {
        "model": "admin.logentry",
        "pk": 98,
        "fields": {
            "action_time": "2017-08-04T11:28:07.285Z",
            "user": [
                "root"
            ],
            "content_type": [
                "results",
                "taskresult"
            ],
            "object_id": "42",
            "object_repr": "root, For root, \"Первый урок 7 класса\", 2017-08-04 09:59:25.621015+00:00",
            "action_flag": 3,
            "change_message": ""
        }
    },
    {
        "model": "admin.logentry",
        "pk": 99,
        "fields": {
            "action_time": "2017-08-04T11:28:07.297Z",
            "user": [
                "root"
            ],
            "content_type": [
                "results",
                "taskresult"
            ],
            "object_id": "39",
            "object_repr": "root, For root, \"Первый урок 7 класса\", 2017-08-04 09:56:04.257173+00:00",
            "action_flag": 3,
            "change_message": ""
        }
    },
    {
        "model": "admin.logentry",
        "pk": 100,
        "fields": {
            "action_time": "2017-08-04T11:28:07.310Z",
            "user": [
                "root"
            ],
            "content_type": [
                "results",
                "taskresult"
            ],
            "object_id": "36",
            "object_repr": "root, For root, \"Первый урок 7 класса\", 2017-08-04 09:55:04.665682+00:00",
            "action_flag": 3,
            "change_message": ""
        }
    },
    {
        "model": "admin.logentry",
        "pk": 101,
        "fields": {
            "action_time": "2017-08-04T11:28:07.322Z",
            "user": [
                "root"
            ],
            "content_type": [
                "results",
                "taskresult"
            ],
            "object_id": "34",
            "object_repr": "root, For root, \"Первый урок 7 класса\", 2017-08-04 09:54:41.706844+00:00",
            "action_flag": 3,
            "change_message": ""
        }
    },
    {
        "model": "admin.logentry",
        "pk": 102,
        "fields": {
            "action_time": "2017-08-04T11:28:07.334Z",
            "user": [
                "root"
            ],
            "content_type": [
                "results",
                "taskresult"
            ],
            "object_id": "32",
            "object_repr": "root, For root, \"Первый урок 7 класса\", 2017-08-04 09:54:03.232578+00:00",
            "action_flag": 3,
            "change_message": ""
        }
    },
    {
        "model": "admin.logentry",
        "pk": 103,
        "fields": {
            "action_time": "2017-08-04T11:28:07.346Z",
            "user": [
                "root"
            ],
            "content_type": [
                "results",
                "taskresult"
            ],
            "object_id": "29",
            "object_repr": "root, For root, \"Первый урок 7 класса\", 2017-08-04 09:50:14.910937+00:00",
            "action_flag": 3,
            "change_message": ""
        }
    },
    {
        "model": "admin.logentry",
        "pk": 104,
        "fields": {
            "action_time": "2017-08-04T11:28:07.358Z",
            "user": [
                "root"
            ],
            "content_type": [
                "results",
                "taskresult"
            ],
            "object_id": "27",
            "object_repr": "root, For root, \"Первый урок 7 класса\", 2017-08-04 09:48:10.871840+00:00",
            "action_flag": 3,
            "change_message": ""
        }
    },
    {
        "model": "admin.logentry",
        "pk": 105,
        "fields": {
            "action_time": "2017-08-04T11:28:07.371Z",
            "user": [
                "root"
            ],
            "content_type": [
                "results",
                "taskresult"
            ],
            "object_id": "25",
            "object_repr": "root, For root, \"Первый урок 7 класса\", 2017-08-04 09:45:08.290881+00:00",
            "action_flag": 3,
            "change_message": ""
        }
    },
    {
        "model": "admin.logentry",
        "pk": 106,
        "fields": {
            "action_time": "2017-08-04T11:28:28.757Z",
            "user": [
                "root"
            ],
            "content_type": [
                "results",
                "textblockresult"
            ],
            "object_id": "99",
            "object_repr": "root, Ghbdtn, 2017-08-04 11:20:58.278022+00:00",
            "action_flag": 3,
            "change_message": ""
        }
    },
    {
        "model": "admin.logentry",
        "pk": 107,
        "fields": {
            "action_time": "2017-08-04T11:28:28.772Z",
            "user": [
                "root"
            ],
            "content_type": [
                "results",
                "textblockresult"
            ],
            "object_id": "96",
            "object_repr": "root, Ghbdtn, 2017-08-04 11:19:59.695219+00:00",
            "action_flag": 3,
            "change_message": ""
        }
    },
    {
        "model": "admin.logentry",
        "pk": 108,
        "fields": {
            "action_time": "2017-08-04T11:28:28.783Z",
            "user": [
                "root"
            ],
            "content_type": [
                "results",
                "textblockresult"
            ],
            "object_id": "93",
            "object_repr": "root, Ghbdtn, 2017-08-04 11:18:23.257710+00:00",
            "action_flag": 3,
            "change_message": ""
        }
    },
    {
        "model": "admin.logentry",
        "pk": 109,
        "fields": {
            "action_time": "2017-08-04T11:28:28.794Z",
            "user": [
                "root"
            ],
            "content_type": [
                "results",
                "textblockresult"
            ],
            "object_id": "90",
            "object_repr": "root, Ghbdtn, 2017-08-04 11:14:52.712185+00:00",
            "action_flag": 3,
            "change_message": ""
        }
    },
    {
        "model": "admin.logentry",
        "pk": 110,
        "fields": {
            "action_time": "2017-08-04T11:28:28.807Z",
            "user": [
                "root"
            ],
            "content_type": [
                "results",
                "textblockresult"
            ],
            "object_id": "87",
            "object_repr": "root, Ghbdtn, 2017-08-04 11:14:10.657690+00:00",
            "action_flag": 3,
            "change_message": ""
        }
    },
    {
        "model": "admin.logentry",
        "pk": 111,
        "fields": {
            "action_time": "2017-08-04T11:28:28.819Z",
            "user": [
                "root"
            ],
            "content_type": [
                "results",
                "textblockresult"
            ],
            "object_id": "84",
            "object_repr": "root, Ghbdtn, 2017-08-04 11:13:01.261322+00:00",
            "action_flag": 3,
            "change_message": ""
        }
    },
    {
        "model": "admin.logentry",
        "pk": 112,
        "fields": {
            "action_time": "2017-08-04T11:28:28.830Z",
            "user": [
                "root"
            ],
            "content_type": [
                "results",
                "textblockresult"
            ],
            "object_id": "81",
            "object_repr": "root, Ghbdtn, 2017-08-04 11:11:01.145574+00:00",
            "action_flag": 3,
            "change_message": ""
        }
    },
    {
        "model": "admin.logentry",
        "pk": 113,
        "fields": {
            "action_time": "2017-08-04T11:28:28.843Z",
            "user": [
                "root"
            ],
            "content_type": [
                "results",
                "textblockresult"
            ],
            "object_id": "78",
            "object_repr": "root, Ghbdtn, 2017-08-04 11:10:01.976672+00:00",
            "action_flag": 3,
            "change_message": ""
        }
    },
    {
        "model": "admin.logentry",
        "pk": 114,
        "fields": {
            "action_time": "2017-08-04T11:28:28.855Z",
            "user": [
                "root"
            ],
            "content_type": [
                "results",
                "textblockresult"
            ],
            "object_id": "75",
            "object_repr": "root, Ghbdtn, 2017-08-04 11:08:37.844554+00:00",
            "action_flag": 3,
            "change_message": ""
        }
    },
    {
        "model": "admin.logentry",
        "pk": 115,
        "fields": {
            "action_time": "2017-08-04T11:28:28.867Z",
            "user": [
                "root"
            ],
            "content_type": [
                "results",
                "textblockresult"
            ],
            "object_id": "72",
            "object_repr": "root, Ghbdtn, 2017-08-04 11:03:51.963428+00:00",
            "action_flag": 3,
            "change_message": ""
        }
    },
    {
        "model": "admin.logentry",
        "pk": 116,
        "fields": {
            "action_time": "2017-08-04T11:28:28.881Z",
            "user": [
                "root"
            ],
            "content_type": [
                "results",
                "textblockresult"
            ],
            "object_id": "69",
            "object_repr": "root, Ghbdtn, 2017-08-04 11:02:31.833828+00:00",
            "action_flag": 3,
            "change_message": ""
        }
    },
    {
        "model": "admin.logentry",
        "pk": 117,
        "fields": {
            "action_time": "2017-08-04T11:28:28.893Z",
            "user": [
                "root"
            ],
            "content_type": [
                "results",
                "textblockresult"
            ],
            "object_id": "66",
            "object_repr": "root, Ghbdtn, 2017-08-04 10:58:39.851651+00:00",
            "action_flag": 3,
            "change_message": ""
        }
    },
    {
        "model": "admin.logentry",
        "pk": 118,
        "fields": {
            "action_time": "2017-08-04T11:28:28.906Z",
            "user": [
                "root"
            ],
            "content_type": [
                "results",
                "textblockresult"
            ],
            "object_id": "63",
            "object_repr": "root, Ghbdtn, 2017-08-04 10:13:22.974356+00:00",
            "action_flag": 3,
            "change_message": ""
        }
    },
    {
        "model": "admin.logentry",
        "pk": 119,
        "fields": {
            "action_time": "2017-08-04T11:28:28.917Z",
            "user": [
                "root"
            ],
            "content_type": [
                "results",
                "textblockresult"
            ],
            "object_id": "60",
            "object_repr": "root, Ghbdtn, 2017-08-04 10:11:22.857849+00:00",
            "action_flag": 3,
            "change_message": ""
        }
    },
    {
        "model": "admin.logentry",
        "pk": 120,
        "fields": {
            "action_time": "2017-08-04T11:28:28.929Z",
            "user": [
                "root"
            ],
            "content_type": [
                "results",
                "textblockresult"
            ],
            "object_id": "57",
            "object_repr": "root, Ghbdtn, 2017-08-04 10:08:49.411765+00:00",
            "action_flag": 3,
            "change_message": ""
        }
    },
    {
        "model": "admin.logentry",
        "pk": 121,
        "fields": {
            "action_time": "2017-08-04T11:28:28.941Z",
            "user": [
                "root"
            ],
            "content_type": [
                "results",
                "textblockresult"
            ],
            "object_id": "55",
            "object_repr": "root, Ghbdtn, 2017-08-04 10:08:21.472270+00:00",
            "action_flag": 3,
            "change_message": ""
        }
    },
    {
        "model": "admin.logentry",
        "pk": 122,
        "fields": {
            "action_time": "2017-08-04T11:28:28.953Z",
            "user": [
                "root"
            ],
            "content_type": [
                "results",
                "textblockresult"
            ],
            "object_id": "52",
            "object_repr": "root, Ghbdtn, 2017-08-04 10:02:17.697465+00:00",
            "action_flag": 3,
            "change_message": ""
        }
    },
    {
        "model": "admin.logentry",
        "pk": 123,
        "fields": {
            "action_time": "2017-08-04T11:28:28.964Z",
            "user": [
                "root"
            ],
            "content_type": [
                "results",
                "textblockresult"
            ],
            "object_id": "49",
            "object_repr": "root, Ghbdtn, 2017-08-04 10:01:43.093443+00:00",
            "action_flag": 3,
            "change_message": ""
        }
    },
    {
        "model": "admin.logentry",
        "pk": 124,
        "fields": {
            "action_time": "2017-08-04T11:28:28.981Z",
            "user": [
                "root"
            ],
            "content_type": [
                "results",
                "textblockresult"
            ],
            "object_id": "46",
            "object_repr": "root, Ghbdtn, 2017-08-04 10:01:14.145568+00:00",
            "action_flag": 3,
            "change_message": ""
        }
    },
    {
        "model": "admin.logentry",
        "pk": 125,
        "fields": {
            "action_time": "2017-08-04T11:28:28.992Z",
            "user": [
                "root"
            ],
            "content_type": [
                "results",
                "textblockresult"
            ],
            "object_id": "43",
            "object_repr": "root, Ghbdtn, 2017-08-04 09:59:25.694906+00:00",
            "action_flag": 3,
            "change_message": ""
        }
    },
    {
        "model": "admin.logentry",
        "pk": 126,
        "fields": {
            "action_time": "2017-08-04T11:28:29.007Z",
            "user": [
                "root"
            ],
            "content_type": [
                "results",
                "textblockresult"
            ],
            "object_id": "40",
            "object_repr": "root, Ghbdtn, 2017-08-04 09:56:04.300049+00:00",
            "action_flag": 3,
            "change_message": ""
        }
    },
    {
        "model": "admin.logentry",
        "pk": 127,
        "fields": {
            "action_time": "2017-08-04T11:28:29.018Z",
            "user": [
                "root"
            ],
            "content_type": [
                "results",
                "textblockresult"
            ],
            "object_id": "37",
            "object_repr": "root, Ghbdtn, 2017-08-04 09:55:04.726400+00:00",
            "action_flag": 3,
            "change_message": ""
        }
    },
    {
        "model": "admin.logentry",
        "pk": 128,
        "fields": {
            "action_time": "2017-08-04T11:28:29.030Z",
            "user": [
                "root"
            ],
            "content_type": [
                "results",
                "textblockresult"
            ],
            "object_id": "35",
            "object_repr": "root, Ghbdtn, 2017-08-04 09:54:41.768709+00:00",
            "action_flag": 3,
            "change_message": ""
        }
    },
    {
        "model": "admin.logentry",
        "pk": 129,
        "fields": {
            "action_time": "2017-08-04T11:28:29.043Z",
            "user": [
                "root"
            ],
            "content_type": [
                "results",
                "textblockresult"
            ],
            "object_id": "33",
            "object_repr": "root, Ghbdtn, 2017-08-04 09:54:03.351818+00:00",
            "action_flag": 3,
            "change_message": ""
        }
    },
    {
        "model": "admin.logentry",
        "pk": 130,
        "fields": {
            "action_time": "2017-08-04T11:28:29.055Z",
            "user": [
                "root"
            ],
            "content_type": [
                "results",
                "textblockresult"
            ],
            "object_id": "30",
            "object_repr": "root, Ghbdtn, 2017-08-04 09:50:14.971626+00:00",
            "action_flag": 3,
            "change_message": ""
        }
    },
    {
        "model": "admin.logentry",
        "pk": 131,
        "fields": {
            "action_time": "2017-08-04T11:28:29.070Z",
            "user": [
                "root"
            ],
            "content_type": [
                "results",
                "textblockresult"
            ],
            "object_id": "28",
            "object_repr": "root, Ghbdtn, 2017-08-04 09:48:10.935624+00:00",
            "action_flag": 3,
            "change_message": ""
        }
    },
    {
        "model": "admin.logentry",
        "pk": 132,
        "fields": {
            "action_time": "2017-08-04T11:28:29.082Z",
            "user": [
                "root"
            ],
            "content_type": [
                "results",
                "textblockresult"
            ],
            "object_id": "26",
            "object_repr": "root, Ghbdtn, 2017-08-04 09:45:08.350929+00:00",
            "action_flag": 3,
            "change_message": ""
        }
    },
    {
        "model": "admin.logentry",
        "pk": 133,
        "fields": {
            "action_time": "2017-08-04T11:29:03.840Z",
            "user": [
                "root"
            ],
            "content_type": [
                "results",
                "choiceblockresult"
            ],
            "object_id": "100",
            "object_repr": "root, WTF?, 2017-08-04 11:20:58.384374+00:00",
            "action_flag": 3,
            "change_message": ""
        }
    },
    {
        "model": "admin.logentry",
        "pk": 134,
        "fields": {
            "action_time": "2017-08-04T11:29:03.854Z",
            "user": [
                "root"
            ],
            "content_type": [
                "results",
                "choiceblockresult"
            ],
            "object_id": "97",
            "object_repr": "root, WTF?, 2017-08-04 11:19:59.815791+00:00",
            "action_flag": 3,
            "change_message": ""
        }
    },
    {
        "model": "admin.logentry",
        "pk": 135,
        "fields": {
            "action_time": "2017-08-04T11:29:03.866Z",
            "user": [
                "root"
            ],
            "content_type": [
                "results",
                "choiceblockresult"
            ],
            "object_id": "94",
            "object_repr": "root, WTF?, 2017-08-04 11:18:23.349456+00:00",
            "action_flag": 3,
            "change_message": ""
        }
    },
    {
        "model": "admin.logentry",
        "pk": 136,
        "fields": {
            "action_time": "2017-08-04T11:29:03.878Z",
            "user": [
                "root"
            ],
            "content_type": [
                "results",
                "choiceblockresult"
            ],
            "object_id": "91",
            "object_repr": "root, WTF?, 2017-08-04 11:14:52.831353+00:00",
            "action_flag": 3,
            "change_message": ""
        }
    },
    {
        "model": "admin.logentry",
        "pk": 137,
        "fields": {
            "action_time": "2017-08-04T11:29:03.892Z",
            "user": [
                "root"
            ],
            "content_type": [
                "results",
                "choiceblockresult"
            ],
            "object_id": "88",
            "object_repr": "root, WTF?, 2017-08-04 11:14:10.777706+00:00",
            "action_flag": 3,
            "change_message": ""
        }
    },
    {
        "model": "admin.logentry",
        "pk": 138,
        "fields": {
            "action_time": "2017-08-04T11:29:03.903Z",
            "user": [
                "root"
            ],
            "content_type": [
                "results",
                "choiceblockresult"
            ],
            "object_id": "85",
            "object_repr": "root, WTF?, 2017-08-04 11:13:01.350701+00:00",
            "action_flag": 3,
            "change_message": ""
        }
    },
    {
        "model": "admin.logentry",
        "pk": 139,
        "fields": {
            "action_time": "2017-08-04T11:29:03.915Z",
            "user": [
                "root"
            ],
            "content_type": [
                "results",
                "choiceblockresult"
            ],
            "object_id": "82",
            "object_repr": "root, WTF?, 2017-08-04 11:11:01.253648+00:00",
            "action_flag": 3,
            "change_message": ""
        }
    },
    {
        "model": "admin.logentry",
        "pk": 140,
        "fields": {
            "action_time": "2017-08-04T11:29:03.927Z",
            "user": [
                "root"
            ],
            "content_type": [
                "results",
                "choiceblockresult"
            ],
            "object_id": "79",
            "object_repr": "root, WTF?, 2017-08-04 11:10:02.078703+00:00",
            "action_flag": 3,
            "change_message": ""
        }
    },
    {
        "model": "admin.logentry",
        "pk": 141,
        "fields": {
            "action_time": "2017-08-04T11:29:03.938Z",
            "user": [
                "root"
            ],
            "content_type": [
                "results",
                "choiceblockresult"
            ],
            "object_id": "76",
            "object_repr": "root, WTF?, 2017-08-04 11:08:37.920735+00:00",
            "action_flag": 3,
            "change_message": ""
        }
    },
    {
        "model": "admin.logentry",
        "pk": 142,
        "fields": {
            "action_time": "2017-08-04T11:29:03.950Z",
            "user": [
                "root"
            ],
            "content_type": [
                "results",
                "choiceblockresult"
            ],
            "object_id": "73",
            "object_repr": "root, WTF?, 2017-08-04 11:03:52.025285+00:00",
            "action_flag": 3,
            "change_message": ""
        }
    },
    {
        "model": "admin.logentry",
        "pk": 143,
        "fields": {
            "action_time": "2017-08-04T11:29:03.961Z",
            "user": [
                "root"
            ],
            "content_type": [
                "results",
                "choiceblockresult"
            ],
            "object_id": "70",
            "object_repr": "root, WTF?, 2017-08-04 11:02:31.918993+00:00",
            "action_flag": 3,
            "change_message": ""
        }
    },
    {
        "model": "admin.logentry",
        "pk": 144,
        "fields": {
            "action_time": "2017-08-04T11:29:03.974Z",
            "user": [
                "root"
            ],
            "content_type": [
                "results",
                "choiceblockresult"
            ],
            "object_id": "67",
            "object_repr": "root, WTF?, 2017-08-04 10:58:39.939924+00:00",
            "action_flag": 3,
            "change_message": ""
        }
    },
    {
        "model": "admin.logentry",
        "pk": 145,
        "fields": {
            "action_time": "2017-08-04T11:29:03.986Z",
            "user": [
                "root"
            ],
            "content_type": [
                "results",
                "choiceblockresult"
            ],
            "object_id": "64",
            "object_repr": "root, WTF?, 2017-08-04 10:13:23.057127+00:00",
            "action_flag": 3,
            "change_message": ""
        }
    },
    {
        "model": "admin.logentry",
        "pk": 146,
        "fields": {
            "action_time": "2017-08-04T11:29:03.998Z",
            "user": [
                "root"
            ],
            "content_type": [
                "results",
                "choiceblockresult"
            ],
            "object_id": "61",
            "object_repr": "root, WTF?, 2017-08-04 10:11:22.944429+00:00",
            "action_flag": 3,
            "change_message": ""
        }
    },
    {
        "model": "admin.logentry",
        "pk": 147,
        "fields": {
            "action_time": "2017-08-04T11:29:04.013Z",
            "user": [
                "root"
            ],
            "content_type": [
                "results",
                "choiceblockresult"
            ],
            "object_id": "58",
            "object_repr": "root, WTF?, 2017-08-04 10:08:49.502075+00:00",
            "action_flag": 3,
            "change_message": ""
        }
    },
    {
        "model": "admin.logentry",
        "pk": 148,
        "fields": {
            "action_time": "2017-08-04T11:29:04.025Z",
            "user": [
                "root"
            ],
            "content_type": [
                "results",
                "choiceblockresult"
            ],
            "object_id": "53",
            "object_repr": "root, WTF?, 2017-08-04 10:02:17.774980+00:00",
            "action_flag": 3,
            "change_message": ""
        }
    },
    {
        "model": "admin.logentry",
        "pk": 149,
        "fields": {
            "action_time": "2017-08-04T11:29:04.037Z",
            "user": [
                "root"
            ],
            "content_type": [
                "results",
                "choiceblockresult"
            ],
            "object_id": "50",
            "object_repr": "root, WTF?, 2017-08-04 10:01:43.175293+00:00",
            "action_flag": 3,
            "change_message": ""
        }
    },
    {
        "model": "admin.logentry",
        "pk": 150,
        "fields": {
            "action_time": "2017-08-04T11:29:04.048Z",
            "user": [
                "root"
            ],
            "content_type": [
                "results",
                "choiceblockresult"
            ],
            "object_id": "47",
            "object_repr": "root, WTF?, 2017-08-04 10:01:14.251382+00:00",
            "action_flag": 3,
            "change_message": ""
        }
    },
    {
        "model": "admin.logentry",
        "pk": 151,
        "fields": {
            "action_time": "2017-08-04T11:29:04.061Z",
            "user": [
                "root"
            ],
            "content_type": [
                "results",
                "choiceblockresult"
            ],
            "object_id": "44",
            "object_repr": "root, WTF?, 2017-08-04 09:59:25.815948+00:00",
            "action_flag": 3,
            "change_message": ""
        }
    },
    {
        "model": "admin.logentry",
        "pk": 152,
        "fields": {
            "action_time": "2017-08-04T11:29:04.074Z",
            "user": [
                "root"
            ],
            "content_type": [
                "results",
                "choiceblockresult"
            ],
            "object_id": "41",
            "object_repr": "root, WTF?, 2017-08-04 09:56:04.357468+00:00",
            "action_flag": 3,
            "change_message": ""
        }
    },
    {
        "model": "admin.logentry",
        "pk": 153,
        "fields": {
            "action_time": "2017-08-04T11:29:04.085Z",
            "user": [
                "root"
            ],
            "content_type": [
                "results",
                "choiceblockresult"
            ],
            "object_id": "38",
            "object_repr": "root, WTF?, 2017-08-04 09:55:04.800883+00:00",
            "action_flag": 3,
            "change_message": ""
        }
    },
    {
        "model": "admin.logentry",
        "pk": 154,
        "fields": {
            "action_time": "2017-08-04T11:29:04.097Z",
            "user": [
                "root"
            ],
            "content_type": [
                "results",
                "choiceblockresult"
            ],
            "object_id": "31",
            "object_repr": "root, WTF?, 2017-08-04 09:50:15.042191+00:00",
            "action_flag": 3,
            "change_message": ""
        }
    },
    {
        "model": "admin.logentry",
        "pk": 155,
        "fields": {
            "action_time": "2017-08-08T09:43:40.522Z",
            "user": [
                "root"
            ],
            "content_type": [
                "lessons",
                "lesson"
            ],
            "object_id": "2",
            "object_repr": "Первый урок 8 класса",
            "action_flag": 1,
            "change_message": "[{\"added\": {}}]"
        }
    },
    {
        "model": "admin.logentry",
        "pk": 156,
        "fields": {
            "action_time": "2017-08-08T09:44:15.963Z",
            "user": [
                "root"
            ],
            "content_type": [
                "tasks",
                "task"
            ],
            "object_id": "2",
            "object_repr": "For user, \"Первый урок 8 класса\"",
            "action_flag": 1,
            "change_message": "[{\"added\": {}}]"
        }
    },
    {
        "model": "admin.logentry",
        "pk": 157,
        "fields": {
            "action_time": "2017-08-08T10:56:43.326Z",
            "user": [
                "root"
            ],
            "content_type": [
                "results",
                "blockresult"
            ],
            "object_id": "146",
            "object_repr": "root, WTF?, 2017-08-08 10:54:13+00:00",
            "action_flag": 1,
            "change_message": "[{\"added\": {}}]"
        }
    },
    {
        "model": "admin.logentry",
        "pk": 158,
        "fields": {
            "action_time": "2017-08-08T12:29:49.860Z",
            "user": [
                "root"
            ],
            "content_type": [
                "results",
                "taskresult"
            ],
            "object_id": "147",
            "object_repr": "root, For root, \"Первый урок 7 класса\", 2017-08-08 12:27:27.062885+00:00",
            "action_flag": 3,
            "change_message": ""
        }
    },
    {
        "model": "admin.logentry",
        "pk": 159,
        "fields": {
            "action_time": "2017-08-08T12:29:49.874Z",
            "user": [
                "root"
            ],
            "content_type": [
                "results",
                "taskresult"
            ],
            "object_id": "143",
            "object_repr": "root, For root, \"Первый урок 7 класса\", 2017-08-08 10:32:34.390627+00:00",
            "action_flag": 3,
            "change_message": ""
        }
    },
    {
        "model": "admin.logentry",
        "pk": 160,
        "fields": {
            "action_time": "2017-08-08T12:29:49.890Z",
            "user": [
                "root"
            ],
            "content_type": [
                "results",
                "taskresult"
            ],
            "object_id": "140",
            "object_repr": "root, For root, \"Первый урок 7 класса\", 2017-08-08 10:29:02.460718+00:00",
            "action_flag": 3,
            "change_message": ""
        }
    },
    {
        "model": "admin.logentry",
        "pk": 161,
        "fields": {
            "action_time": "2017-08-08T12:29:49.913Z",
            "user": [
                "root"
            ],
            "content_type": [
                "results",
                "taskresult"
            ],
            "object_id": "137",
            "object_repr": "root, For root, \"Первый урок 7 класса\", 2017-08-08 10:28:39.827888+00:00",
            "action_flag": 3,
            "change_message": ""
        }
    },
    {
        "model": "admin.logentry",
        "pk": 162,
        "fields": {
            "action_time": "2017-08-08T12:29:49.926Z",
            "user": [
                "root"
            ],
            "content_type": [
                "results",
                "taskresult"
            ],
            "object_id": "134",
            "object_repr": "root, For root, \"Первый урок 7 класса\", 2017-08-08 10:26:35.394846+00:00",
            "action_flag": 3,
            "change_message": ""
        }
    },
    {
        "model": "admin.logentry",
        "pk": 163,
        "fields": {
            "action_time": "2017-08-08T12:29:49.941Z",
            "user": [
                "root"
            ],
            "content_type": [
                "results",
                "taskresult"
            ],
            "object_id": "131",
            "object_repr": "root, For root, \"Первый урок 7 класса\", 2017-08-08 10:25:34.947888+00:00",
            "action_flag": 3,
            "change_message": ""
        }
    },
    {
        "model": "admin.logentry",
        "pk": 164,
        "fields": {
            "action_time": "2017-08-08T12:29:49.957Z",
            "user": [
                "root"
            ],
            "content_type": [
                "results",
                "taskresult"
            ],
            "object_id": "128",
            "object_repr": "root, For root, \"Первый урок 7 класса\", 2017-08-08 10:25:29.837475+00:00",
            "action_flag": 3,
            "change_message": ""
        }
    },
    {
        "model": "admin.logentry",
        "pk": 165,
        "fields": {
            "action_time": "2017-08-08T12:29:49.972Z",
            "user": [
                "root"
            ],
            "content_type": [
                "results",
                "taskresult"
            ],
            "object_id": "125",
            "object_repr": "root, For root, \"Первый урок 7 класса\", 2017-08-08 10:24:45.656309+00:00",
            "action_flag": 3,
            "change_message": ""
        }
    },
    {
        "model": "admin.logentry",
        "pk": 166,
        "fields": {
            "action_time": "2017-08-08T12:29:49.995Z",
            "user": [
                "root"
            ],
            "content_type": [
                "results",
                "taskresult"
            ],
            "object_id": "122",
            "object_repr": "root, For root, \"Первый урок 7 класса\", 2017-08-08 10:23:03.079947+00:00",
            "action_flag": 3,
            "change_message": ""
        }
    },
    {
        "model": "admin.logentry",
        "pk": 167,
        "fields": {
            "action_time": "2017-08-08T12:29:50.009Z",
            "user": [
                "root"
            ],
            "content_type": [
                "results",
                "taskresult"
            ],
            "object_id": "119",
            "object_repr": "root, For root, \"Первый урок 7 класса\", 2017-08-08 10:21:14.005848+00:00",
            "action_flag": 3,
            "change_message": ""
        }
    },
    {
        "model": "admin.logentry",
        "pk": 168,
        "fields": {
            "action_time": "2017-08-08T12:29:50.024Z",
            "user": [
                "root"
            ],
            "content_type": [
                "results",
                "taskresult"
            ],
            "object_id": "116",
            "object_repr": "root, For root, \"Первый урок 7 класса\", 2017-08-08 10:20:44.226663+00:00",
            "action_flag": 3,
            "change_message": ""
        }
    },
    {
        "model": "admin.logentry",
        "pk": 169,
        "fields": {
            "action_time": "2017-08-08T12:29:50.039Z",
            "user": [
                "root"
            ],
            "content_type": [
                "results",
                "taskresult"
            ],
            "object_id": "113",
            "object_repr": "root, For root, \"Первый урок 7 класса\", 2017-08-08 10:19:19.407888+00:00",
            "action_flag": 3,
            "change_message": ""
        }
    },
    {
        "model": "admin.logentry",
        "pk": 170,
        "fields": {
            "action_time": "2017-08-08T12:29:50.055Z",
            "user": [
                "root"
            ],
            "content_type": [
                "results",
                "taskresult"
            ],
            "object_id": "110",
            "object_repr": "root, For root, \"Первый урок 7 класса\", 2017-08-08 10:18:07.802294+00:00",
            "action_flag": 3,
            "change_message": ""
        }
    },
    {
        "model": "admin.logentry",
        "pk": 171,
        "fields": {
            "action_time": "2017-08-08T12:29:50.071Z",
            "user": [
                "root"
            ],
            "content_type": [
                "results",
                "taskresult"
            ],
            "object_id": "107",
            "object_repr": "root, For root, \"Первый урок 7 класса\", 2017-08-08 10:16:43.551770+00:00",
            "action_flag": 3,
            "change_message": ""
        }
    },
    {
        "model": "admin.logentry",
        "pk": 172,
        "fields": {
            "action_time": "2017-08-08T12:29:50.087Z",
            "user": [
                "root"
            ],
            "content_type": [
                "results",
                "taskresult"
            ],
            "object_id": "104",
            "object_repr": "root, For root, \"Первый урок 7 класса\", 2017-08-08 09:03:46.551530+00:00",
            "action_flag": 3,
            "change_message": ""
        }
    },
    {
        "model": "admin.logentry",
        "pk": 173,
        "fields": {
            "action_time": "2017-08-08T12:29:50.107Z",
            "user": [
                "root"
            ],
            "content_type": [
                "results",
                "taskresult"
            ],
            "object_id": "101",
            "object_repr": "root, For root, \"Первый урок 7 класса\", 2017-08-04 11:29:13.714538+00:00",
            "action_flag": 3,
            "change_message": ""
        }
    },
    {
        "model": "admin.logentry",
        "pk": 174,
        "fields": {
            "action_time": "2017-08-08T12:30:29.787Z",
            "user": [
                "root"
            ],
            "content_type": [
                "results",
                "choiceblockresult"
            ],
            "object_id": "149",
            "object_repr": "root, WTF?, 2017-08-08 12:27:27.230797+00:00",
            "action_flag": 3,
            "change_message": ""
        }
    },
    {
        "model": "admin.logentry",
        "pk": 175,
        "fields": {
            "action_time": "2017-08-08T12:30:29.805Z",
            "user": [
                "root"
            ],
            "content_type": [
                "results",
                "choiceblockresult"
            ],
            "object_id": "145",
            "object_repr": "root, WTF?, 2017-08-08 10:32:34.550940+00:00",
            "action_flag": 3,
            "change_message": ""
        }
    },
    {
        "model": "admin.logentry",
        "pk": 176,
        "fields": {
            "action_time": "2017-08-08T12:30:29.819Z",
            "user": [
                "root"
            ],
            "content_type": [
                "results",
                "choiceblockresult"
            ],
            "object_id": "142",
            "object_repr": "root, WTF?, 2017-08-08 10:29:02.619861+00:00",
            "action_flag": 3,
            "change_message": ""
        }
    },
    {
        "model": "admin.logentry",
        "pk": 177,
        "fields": {
            "action_time": "2017-08-08T12:30:29.830Z",
            "user": [
                "root"
            ],
            "content_type": [
                "results",
                "choiceblockresult"
            ],
            "object_id": "139",
            "object_repr": "root, WTF?, 2017-08-08 10:28:40.055352+00:00",
            "action_flag": 3,
            "change_message": ""
        }
    },
    {
        "model": "admin.logentry",
        "pk": 178,
        "fields": {
            "action_time": "2017-08-08T12:30:29.849Z",
            "user": [
                "root"
            ],
            "content_type": [
                "results",
                "choiceblockresult"
            ],
            "object_id": "136",
            "object_repr": "root, WTF?, 2017-08-08 10:26:35.551017+00:00",
            "action_flag": 3,
            "change_message": ""
        }
    },
    {
        "model": "admin.logentry",
        "pk": 179,
        "fields": {
            "action_time": "2017-08-08T12:30:29.861Z",
            "user": [
                "root"
            ],
            "content_type": [
                "results",
                "choiceblockresult"
            ],
            "object_id": "133",
            "object_repr": "root, WTF?, 2017-08-08 10:25:35.069774+00:00",
            "action_flag": 3,
            "change_message": ""
        }
    },
    {
        "model": "admin.logentry",
        "pk": 180,
        "fields": {
            "action_time": "2017-08-08T12:30:29.877Z",
            "user": [
                "root"
            ],
            "content_type": [
                "results",
                "choiceblockresult"
            ],
            "object_id": "130",
            "object_repr": "root, WTF?, 2017-08-08 10:25:29.966099+00:00",
            "action_flag": 3,
            "change_message": ""
        }
    },
    {
        "model": "admin.logentry",
        "pk": 181,
        "fields": {
            "action_time": "2017-08-08T12:30:29.889Z",
            "user": [
                "root"
            ],
            "content_type": [
                "results",
                "choiceblockresult"
            ],
            "object_id": "127",
            "object_repr": "root, WTF?, 2017-08-08 10:24:45.830883+00:00",
            "action_flag": 3,
            "change_message": ""
        }
    },
    {
        "model": "admin.logentry",
        "pk": 182,
        "fields": {
            "action_time": "2017-08-08T12:30:29.902Z",
            "user": [
                "root"
            ],
            "content_type": [
                "results",
                "choiceblockresult"
            ],
            "object_id": "124",
            "object_repr": "root, WTF?, 2017-08-08 10:23:03.201245+00:00",
            "action_flag": 3,
            "change_message": ""
        }
    },
    {
        "model": "admin.logentry",
        "pk": 183,
        "fields": {
            "action_time": "2017-08-08T12:30:29.914Z",
            "user": [
                "root"
            ],
            "content_type": [
                "results",
                "choiceblockresult"
            ],
            "object_id": "121",
            "object_repr": "root, WTF?, 2017-08-08 10:21:14.174755+00:00",
            "action_flag": 3,
            "change_message": ""
        }
    },
    {
        "model": "admin.logentry",
        "pk": 184,
        "fields": {
            "action_time": "2017-08-08T12:30:29.927Z",
            "user": [
                "root"
            ],
            "content_type": [
                "results",
                "choiceblockresult"
            ],
            "object_id": "118",
            "object_repr": "root, WTF?, 2017-08-08 10:20:44.402497+00:00",
            "action_flag": 3,
            "change_message": ""
        }
    },
    {
        "model": "admin.logentry",
        "pk": 185,
        "fields": {
            "action_time": "2017-08-08T12:30:29.941Z",
            "user": [
                "root"
            ],
            "content_type": [
                "results",
                "choiceblockresult"
            ],
            "object_id": "115",
            "object_repr": "root, WTF?, 2017-08-08 10:19:19.566779+00:00",
            "action_flag": 3,
            "change_message": ""
        }
    },
    {
        "model": "admin.logentry",
        "pk": 186,
        "fields": {
            "action_time": "2017-08-08T12:30:29.960Z",
            "user": [
                "root"
            ],
            "content_type": [
                "results",
                "choiceblockresult"
            ],
            "object_id": "112",
            "object_repr": "root, WTF?, 2017-08-08 10:18:07.967350+00:00",
            "action_flag": 3,
            "change_message": ""
        }
    },
    {
        "model": "admin.logentry",
        "pk": 187,
        "fields": {
            "action_time": "2017-08-08T12:30:29.972Z",
            "user": [
                "root"
            ],
            "content_type": [
                "results",
                "choiceblockresult"
            ],
            "object_id": "109",
            "object_repr": "root, WTF?, 2017-08-08 10:16:43.710949+00:00",
            "action_flag": 3,
            "change_message": ""
        }
    },
    {
        "model": "admin.logentry",
        "pk": 188,
        "fields": {
            "action_time": "2017-08-08T12:30:29.984Z",
            "user": [
                "root"
            ],
            "content_type": [
                "results",
                "choiceblockresult"
            ],
            "object_id": "106",
            "object_repr": "root, WTF?, 2017-08-08 09:03:46.733920+00:00",
            "action_flag": 3,
            "change_message": ""
        }
    },
    {
        "model": "admin.logentry",
        "pk": 189,
        "fields": {
            "action_time": "2017-08-08T12:30:29.998Z",
            "user": [
                "root"
            ],
            "content_type": [
                "results",
                "choiceblockresult"
            ],
            "object_id": "103",
            "object_repr": "root, WTF?, 2017-08-04 11:29:13.919484+00:00",
            "action_flag": 3,
            "change_message": ""
        }
    },
    {
        "model": "admin.logentry",
        "pk": 190,
        "fields": {
            "action_time": "2017-08-08T12:30:55.853Z",
            "user": [
                "root"
            ],
            "content_type": [
                "results",
                "blockresult"
            ],
            "object_id": "146",
            "object_repr": "root, WTF?, 2017-08-08 10:54:13+00:00",
            "action_flag": 3,
            "change_message": ""
        }
    },
    {
        "model": "admin.logentry",
        "pk": 191,
        "fields": {
            "action_time": "2017-08-08T12:31:06.674Z",
            "user": [
                "root"
            ],
            "content_type": [
                "results",
                "textblockresult"
            ],
            "object_id": "148",
            "object_repr": "root, Ghbdtn, 2017-08-08 12:27:27.124454+00:00",
            "action_flag": 3,
            "change_message": ""
        }
    },
    {
        "model": "admin.logentry",
        "pk": 192,
        "fields": {
            "action_time": "2017-08-08T12:31:06.688Z",
            "user": [
                "root"
            ],
            "content_type": [
                "results",
                "textblockresult"
            ],
            "object_id": "144",
            "object_repr": "root, Ghbdtn, 2017-08-08 10:32:34.451854+00:00",
            "action_flag": 3,
            "change_message": ""
        }
    },
    {
        "model": "admin.logentry",
        "pk": 193,
        "fields": {
            "action_time": "2017-08-08T12:31:06.700Z",
            "user": [
                "root"
            ],
            "content_type": [
                "results",
                "textblockresult"
            ],
            "object_id": "141",
            "object_repr": "root, Ghbdtn, 2017-08-08 10:29:02.520133+00:00",
            "action_flag": 3,
            "change_message": ""
        }
    },
    {
        "model": "admin.logentry",
        "pk": 194,
        "fields": {
            "action_time": "2017-08-08T12:31:06.715Z",
            "user": [
                "root"
            ],
            "content_type": [
                "results",
                "textblockresult"
            ],
            "object_id": "138",
            "object_repr": "root, Ghbdtn, 2017-08-08 10:28:39.891847+00:00",
            "action_flag": 3,
            "change_message": ""
        }
    },
    {
        "model": "admin.logentry",
        "pk": 195,
        "fields": {
            "action_time": "2017-08-08T12:31:06.726Z",
            "user": [
                "root"
            ],
            "content_type": [
                "results",
                "textblockresult"
            ],
            "object_id": "135",
            "object_repr": "root, Ghbdtn, 2017-08-08 10:26:35.454615+00:00",
            "action_flag": 3,
            "change_message": ""
        }
    },
    {
        "model": "admin.logentry",
        "pk": 196,
        "fields": {
            "action_time": "2017-08-08T12:31:06.739Z",
            "user": [
                "root"
            ],
            "content_type": [
                "results",
                "textblockresult"
            ],
            "object_id": "132",
            "object_repr": "root, Ghbdtn, 2017-08-08 10:25:34.992523+00:00",
            "action_flag": 3,
            "change_message": ""
        }
    },
    {
        "model": "admin.logentry",
        "pk": 197,
        "fields": {
            "action_time": "2017-08-08T12:31:06.751Z",
            "user": [
                "root"
            ],
            "content_type": [
                "results",
                "textblockresult"
            ],
            "object_id": "129",
            "object_repr": "root, Ghbdtn, 2017-08-08 10:25:29.885469+00:00",
            "action_flag": 3,
            "change_message": ""
        }
    },
    {
        "model": "admin.logentry",
        "pk": 198,
        "fields": {
            "action_time": "2017-08-08T12:31:06.762Z",
            "user": [
                "root"
            ],
            "content_type": [
                "results",
                "textblockresult"
            ],
            "object_id": "126",
            "object_repr": "root, Ghbdtn, 2017-08-08 10:24:45.709328+00:00",
            "action_flag": 3,
            "change_message": ""
        }
    },
    {
        "model": "admin.logentry",
        "pk": 199,
        "fields": {
            "action_time": "2017-08-08T12:31:06.775Z",
            "user": [
                "root"
            ],
            "content_type": [
                "results",
                "textblockresult"
            ],
            "object_id": "123",
            "object_repr": "root, Ghbdtn, 2017-08-08 10:23:03.120888+00:00",
            "action_flag": 3,
            "change_message": ""
        }
    },
    {
        "model": "admin.logentry",
        "pk": 200,
        "fields": {
            "action_time": "2017-08-08T12:31:06.787Z",
            "user": [
                "root"
            ],
            "content_type": [
                "results",
                "textblockresult"
            ],
            "object_id": "120",
            "object_repr": "root, Ghbdtn, 2017-08-08 10:21:14.068594+00:00",
            "action_flag": 3,
            "change_message": ""
        }
    },
    {
        "model": "admin.logentry",
        "pk": 201,
        "fields": {
            "action_time": "2017-08-08T12:31:06.801Z",
            "user": [
                "root"
            ],
            "content_type": [
                "results",
                "textblockresult"
            ],
            "object_id": "117",
            "object_repr": "root, Ghbdtn, 2017-08-08 10:20:44.296631+00:00",
            "action_flag": 3,
            "change_message": ""
        }
    },
    {
        "model": "admin.logentry",
        "pk": 202,
        "fields": {
            "action_time": "2017-08-08T12:31:06.812Z",
            "user": [
                "root"
            ],
            "content_type": [
                "results",
                "textblockresult"
            ],
            "object_id": "114",
            "object_repr": "root, Ghbdtn, 2017-08-08 10:19:19.467286+00:00",
            "action_flag": 3,
            "change_message": ""
        }
    },
    {
        "model": "admin.logentry",
        "pk": 203,
        "fields": {
            "action_time": "2017-08-08T12:31:06.825Z",
            "user": [
                "root"
            ],
            "content_type": [
                "results",
                "textblockresult"
            ],
            "object_id": "111",
            "object_repr": "root, Ghbdtn, 2017-08-08 10:18:07.861008+00:00",
            "action_flag": 3,
            "change_message": ""
        }
    },
    {
        "model": "admin.logentry",
        "pk": 204,
        "fields": {
            "action_time": "2017-08-08T12:31:06.839Z",
            "user": [
                "root"
            ],
            "content_type": [
                "results",
                "textblockresult"
            ],
            "object_id": "108",
            "object_repr": "root, Ghbdtn, 2017-08-08 10:16:43.610810+00:00",
            "action_flag": 3,
            "change_message": ""
        }
    },
    {
        "model": "admin.logentry",
        "pk": 205,
        "fields": {
            "action_time": "2017-08-08T12:31:06.852Z",
            "user": [
                "root"
            ],
            "content_type": [
                "results",
                "textblockresult"
            ],
            "object_id": "105",
            "object_repr": "root, Ghbdtn, 2017-08-08 09:03:46.619059+00:00",
            "action_flag": 3,
            "change_message": ""
        }
    },
    {
        "model": "admin.logentry",
        "pk": 206,
        "fields": {
            "action_time": "2017-08-08T12:31:06.863Z",
            "user": [
                "root"
            ],
            "content_type": [
                "results",
                "textblockresult"
            ],
            "object_id": "102",
            "object_repr": "root, Ghbdtn, 2017-08-04 11:29:13.783316+00:00",
            "action_flag": 3,
            "change_message": ""
        }
    },
    {
        "model": "admin.logentry",
        "pk": 207,
        "fields": {
            "action_time": "2017-08-09T08:00:10.230Z",
            "user": [
                "root"
            ],
            "content_type": [
                "groups",
                "studentgroup"
            ],
            "object_id": "1",
            "object_repr": "Ф7",
            "action_flag": 1,
            "change_message": "[{\"added\": {}}]"
        }
    },
    {
        "model": "admin.logentry",
        "pk": 208,
        "fields": {
            "action_time": "2017-08-09T08:00:56.906Z",
            "user": [
                "root"
            ],
            "content_type": [
                "courses",
                "course"
            ],
            "object_id": "1",
            "object_repr": "Физика 7 класс",
            "action_flag": 1,
            "change_message": "[{\"added\": {}}]"
        }
    },
    {
        "model": "admin.logentry",
        "pk": 209,
        "fields": {
            "action_time": "2017-08-09T08:01:11.086Z",
            "user": [
                "root"
            ],
            "content_type": [
                "courses",
                "courselessonrelaion"
            ],
            "object_id": "1",
            "object_repr": "Первый урок 7 класса in Физика 7 класс",
            "action_flag": 1,
            "change_message": "[{\"added\": {}}]"
        }
    },
    {
        "model": "admin.logentry",
        "pk": 210,
        "fields": {
            "action_time": "2017-08-09T08:01:49.283Z",
            "user": [
                "root"
            ],
            "content_type": [
                "lessons",
                "lesson"
            ],
            "object_id": "3",
            "object_repr": "Движение",
            "action_flag": 1,
            "change_message": "[{\"added\": {}}]"
        }
    },
    {
        "model": "admin.logentry",
        "pk": 211,
        "fields": {
            "action_time": "2017-08-09T08:02:10.752Z",
            "user": [
                "root"
            ],
            "content_type": [
                "courses",
                "courselessonrelaion"
            ],
            "object_id": "2",
            "object_repr": "Движение in Физика 7 класс",
            "action_flag": 1,
            "change_message": "[{\"added\": {}}]"
        }
    },
    {
        "model": "admin.logentry",
        "pk": 212,
        "fields": {
            "action_time": "2017-08-09T08:02:45.828Z",
            "user": [
                "root"
            ],
            "content_type": [
                "groups",
                "coursegrouprelation"
            ],
            "object_id": "1",
            "object_repr": "Group Ф7 study Физика 7 класс",
            "action_flag": 1,
            "change_message": "[{\"added\": {}}]"
        }
    },
    {
        "model": "admin.logentry",
        "pk": 213,
        "fields": {
            "action_time": "2017-08-09T08:03:01.824Z",
            "user": [
                "root"
            ],
            "content_type": [
                "groups",
                "studentgrouprelation"
            ],
            "object_id": "1",
            "object_repr": "Student user in group Ф7",
            "action_flag": 1,
            "change_message": "[{\"added\": {}}]"
        }
    },
    {
        "model": "admin.logentry",
        "pk": 214,
        "fields": {
            "action_time": "2017-08-09T08:03:42.315Z",
            "user": [
                "root"
            ],
            "content_type": [
                "auth",
                "user"
            ],
            "object_id": "4",
            "object_repr": "Student1",
            "action_flag": 1,
            "change_message": "[{\"added\": {}}]"
        }
    },
    {
        "model": "admin.logentry",
        "pk": 215,
        "fields": {
            "action_time": "2017-08-09T08:04:05.882Z",
            "user": [
                "root"
            ],
            "content_type": [
                "auth",
                "user"
            ],
            "object_id": "4",
            "object_repr": "Student1",
            "action_flag": 2,
            "change_message": "[{\"changed\": {\"fields\": [\"first_name\", \"last_name\"]}}]"
        }
    },
    {
        "model": "admin.logentry",
        "pk": 216,
        "fields": {
            "action_time": "2017-08-09T08:04:27.940Z",
            "user": [
                "root"
            ],
            "content_type": [
                "groups",
                "studentgrouprelation"
            ],
            "object_id": "2",
            "object_repr": "Student Student1 in group Ф7",
            "action_flag": 1,
            "change_message": "[{\"added\": {}}]"
        }
    },
    {
        "model": "admin.logentry",
        "pk": 217,
        "fields": {
            "action_time": "2017-08-09T12:14:30.671Z",
            "user": [
                "root"
            ],
            "content_type": [
                "groups",
                "studentgrouprelation"
            ],
            "object_id": "3",
            "object_repr": "Student root in group Ф7",
            "action_flag": 1,
            "change_message": "[{\"added\": {}}]"
        }
    },
    {
        "model": "admin.logentry",
        "pk": 218,
        "fields": {
            "action_time": "2017-08-09T12:36:12.228Z",
            "user": [
                "root"
            ],
            "content_type": [
                "groups",
                "studentgrouprelation"
            ],
            "object_id": "3",
            "object_repr": "Student root in group Ф7",
            "action_flag": 3,
            "change_message": ""
        }
    },
    {
        "model": "admin.logentry",
        "pk": 219,
        "fields": {
            "action_time": "2017-08-09T12:36:34.862Z",
            "user": [
                "root"
            ],
            "content_type": [
                "groups",
                "studentgrouprelation"
            ],
            "object_id": "4",
            "object_repr": "Student root in group Ф7",
            "action_flag": 1,
            "change_message": "[{\"added\": {}}]"
        }
    },
    {
        "model": "admin.logentry",
        "pk": 220,
        "fields": {
            "action_time": "2017-08-10T07:15:29.452Z",
            "user": [
                "root"
            ],
            "content_type": [
                "blocks",
                "textblock"
            ],
            "object_id": "3",
            "object_repr": "Markdown",
            "action_flag": 1,
            "change_message": "[{\"added\": {}}]"
        }
    },
    {
        "model": "admin.logentry",
        "pk": 221,
        "fields": {
            "action_time": "2017-08-14T08:10:32.077Z",
            "user": [
                "root"
            ],
            "content_type": [
                "authtoken",
                "token"
            ],
            "object_id": "9ceb6fa285c66c1fefd3bad181836ef314704d75",
            "object_repr": "9ceb6fa285c66c1fefd3bad181836ef314704d75",
            "action_flag": 3,
            "change_message": ""
        }
    },
    {
        "model": "admin.logentry",
        "pk": 222,
        "fields": {
            "action_time": "2017-08-14T08:10:32.096Z",
            "user": [
                "root"
            ],
            "content_type": [
                "authtoken",
                "token"
            ],
            "object_id": "6a00d585d63ed160252e5216e61254c3d5737e3a",
            "object_repr": "6a00d585d63ed160252e5216e61254c3d5737e3a",
            "action_flag": 3,
            "change_message": ""
        }
    },
    {
        "model": "admin.logentry",
        "pk": 223,
        "fields": {
            "action_time": "2017-08-14T08:10:32.114Z",
            "user": [
                "root"
            ],
            "content_type": [
                "authtoken",
                "token"
            ],
            "object_id": "f110231dd632d4eefbd816e98bbce39c12af4dce",
            "object_repr": "f110231dd632d4eefbd816e98bbce39c12af4dce",
            "action_flag": 3,
            "change_message": ""
        }
    }
]