[
{
    "model": "auth.user",
    "pk": 1,
    "fields": {
        "password": "pbkdf2_sha256$36000$vbBGjrdVYjhS$81usBcO+H1/SyabJezo4Fffz9jaGWNNKV3uXiyaBdh4=",
        "last_login": "2017-09-07T06:17:53.778Z",
        "is_superuser": true,
        "username": "root",
        "first_name": "",
        "last_name": "",
        "email": "harchenko.grape@gmail.com",
        "is_staff": true,
        "is_active": true,
        "date_joined": "2017-07-12T09:03:44.770Z",
        "groups": [],
        "user_permissions": []
    }
},
{
    "model": "auth.user",
    "pk": 2,
    "fields": {
        "password": "pbkdf2_sha256$36000$ocOCcp9XxPUx$jbbhmELkS+SbCE4rvVuKs3rh7dsqfDyr6tcoRgM1KD4=",
        "last_login": "2017-08-03T13:49:48.827Z",
        "is_superuser": false,
        "username": "user",
        "first_name": "",
        "last_name": "",
        "email": "",
        "is_staff": true,
        "is_active": true,
        "date_joined": "2017-07-13T08:56:08Z",
        "groups": [],
        "user_permissions": []
    }
},
{
    "model": "auth.user",
    "pk": 3,
    "fields": {
        "password": "pbkdf2_sha256$36000$1HgHlOcoee7G$UfhhXk/SNCSVZLqivion//M2+OTQLDL3nZ6yuAnJ0l0=",
        "last_login": null,
        "is_superuser": false,
        "username": "User2",
        "first_name": "Bob",
        "last_name": "Smith",
        "email": "",
        "is_staff": false,
        "is_active": true,
        "date_joined": "2017-07-17T06:33:19Z",
        "groups": [],
        "user_permissions": []
    }
},
{
    "model": "auth.user",
    "pk": 4,
    "fields": {
        "password": "pbkdf2_sha256$36000$NW71r7KUMWYL$xXqYApshWW3v16N4Kw/YEr1b3QpFCMHeBJBz0kE7vKw=",
        "last_login": null,
        "is_superuser": false,
        "username": "Student1",
        "first_name": "\u0418\u0432\u0430\u043d",
        "last_name": "\u041f\u0435\u0442\u0440\u043e\u0432",
        "email": "",
        "is_staff": false,
        "is_active": true,
        "date_joined": "2017-08-09T08:03:42Z",
        "groups": [],
        "user_permissions": []
    }
},
{
    "model": "sessions.session",
    "pk": "4o48ncwy5hf0056awveia9867fdkb1cm",
    "fields": {
        "session_data": "YjlmYWRlMmMyMDA0NWRhM2Q3N2YzM2FkNjkxNGI5MWNlMDUzNDk1Nzp7Il9hdXRoX3VzZXJfaWQiOiIxIiwiX2F1dGhfdXNlcl9iYWNrZW5kIjoiZGphbmdvLmNvbnRyaWIuYXV0aC5iYWNrZW5kcy5Nb2RlbEJhY2tlbmQiLCJfYXV0aF91c2VyX2hhc2giOiJiNDdjMjY4NmI1OTY5MDg3MmZjNGU3ZjA0NDgxOGNiNjhkMmE2MTkwIn0=",
        "expire_date": "2017-07-27T08:41:42.104Z"
    }
},
{
    "model": "sessions.session",
    "pk": "6fe4qsnm5dqyqylvl5se9h6dt9fz7zuz",
    "fields": {
        "session_data": "YjlmYWRlMmMyMDA0NWRhM2Q3N2YzM2FkNjkxNGI5MWNlMDUzNDk1Nzp7Il9hdXRoX3VzZXJfaWQiOiIxIiwiX2F1dGhfdXNlcl9iYWNrZW5kIjoiZGphbmdvLmNvbnRyaWIuYXV0aC5iYWNrZW5kcy5Nb2RlbEJhY2tlbmQiLCJfYXV0aF91c2VyX2hhc2giOiJiNDdjMjY4NmI1OTY5MDg3MmZjNGU3ZjA0NDgxOGNiNjhkMmE2MTkwIn0=",
        "expire_date": "2017-09-19T09:26:07.574Z"
    }
},
{
    "model": "sessions.session",
    "pk": "eu4s8tv3c0896vz84mnyab7iasb2b7n3",
    "fields": {
        "session_data": "YjlmYWRlMmMyMDA0NWRhM2Q3N2YzM2FkNjkxNGI5MWNlMDUzNDk1Nzp7Il9hdXRoX3VzZXJfaWQiOiIxIiwiX2F1dGhfdXNlcl9iYWNrZW5kIjoiZGphbmdvLmNvbnRyaWIuYXV0aC5iYWNrZW5kcy5Nb2RlbEJhY2tlbmQiLCJfYXV0aF91c2VyX2hhc2giOiJiNDdjMjY4NmI1OTY5MDg3MmZjNGU3ZjA0NDgxOGNiNjhkMmE2MTkwIn0=",
        "expire_date": "2017-08-22T08:25:06.655Z"
    }
},
{
    "model": "sessions.session",
    "pk": "nm0c8rewd56gnjngk5203u4bx9gcrh6b",
    "fields": {
        "session_data": "YjlmYWRlMmMyMDA0NWRhM2Q3N2YzM2FkNjkxNGI5MWNlMDUzNDk1Nzp7Il9hdXRoX3VzZXJfaWQiOiIxIiwiX2F1dGhfdXNlcl9iYWNrZW5kIjoiZGphbmdvLmNvbnRyaWIuYXV0aC5iYWNrZW5kcy5Nb2RlbEJhY2tlbmQiLCJfYXV0aF91c2VyX2hhc2giOiJiNDdjMjY4NmI1OTY5MDg3MmZjNGU3ZjA0NDgxOGNiNjhkMmE2MTkwIn0=",
        "expire_date": "2017-09-21T06:36:32.085Z"
    }
},
{
    "model": "sessions.session",
    "pk": "uz3ctyplhvwdyvjwf2sbhvdzob283bj0",
    "fields": {
        "session_data": "YjlmYWRlMmMyMDA0NWRhM2Q3N2YzM2FkNjkxNGI5MWNlMDUzNDk1Nzp7Il9hdXRoX3VzZXJfaWQiOiIxIiwiX2F1dGhfdXNlcl9iYWNrZW5kIjoiZGphbmdvLmNvbnRyaWIuYXV0aC5iYWNrZW5kcy5Nb2RlbEJhY2tlbmQiLCJfYXV0aF91c2VyX2hhc2giOiJiNDdjMjY4NmI1OTY5MDg3MmZjNGU3ZjA0NDgxOGNiNjhkMmE2MTkwIn0=",
        "expire_date": "2017-09-05T13:38:47.860Z"
    }
},
{
    "model": "users.profile",
    "pk": 1,
    "fields": {
        "user": [
            "root"
        ],
        "birth_date": null,
        "email_confirmed": false,
        "is_complete": false,
        "avatar": "",
        "avatar_url": null,
        "phone": "",
        "profile_type": "LR",
        "city": null,
        "grade": null,
        "school": null
    }
},
{
    "model": "users.profile",
    "pk": 2,
    "fields": {
        "user": [
            "user"
        ],
        "birth_date": null,
        "email_confirmed": false,
        "is_complete": false,
        "avatar": "",
        "avatar_url": null,
        "phone": "",
        "profile_type": "LR",
        "city": null,
        "grade": null,
        "school": null
    }
},
{
    "model": "users.profile",
    "pk": 3,
    "fields": {
        "user": [
            "User2"
        ],
        "birth_date": null,
        "email_confirmed": false,
        "is_complete": false,
        "avatar": "",
        "avatar_url": null,
        "phone": "",
        "profile_type": "LR",
        "city": null,
        "grade": null,
        "school": null
    }
},
{
    "model": "users.profile",
    "pk": 4,
    "fields": {
        "user": [
            "Student1"
        ],
        "birth_date": null,
        "email_confirmed": false,
        "is_complete": false,
        "avatar": "",
        "avatar_url": null,
        "phone": "",
        "profile_type": "LR",
        "city": null,
        "grade": null,
        "school": null
    }
},
{
    "model": "blocks.block",
    "pk": 1,
    "fields": {
        "polymorphic_ctype": [
            "blocks",
            "choiceblock"
        ],
        "time": 2,
        "score": 2
    }
},
{
    "model": "blocks.block",
    "pk": 2,
    "fields": {
        "polymorphic_ctype": [
            "blocks",
            "textblock"
        ],
        "time": 3,
        "score": 3
    }
},
{
    "model": "blocks.block",
    "pk": 3,
    "fields": {
        "polymorphic_ctype": [
            "blocks",
            "textblock"
        ],
        "time": 3,
        "score": 0
    }
},
{
    "model": "blocks.block",
    "pk": 4,
    "fields": {
        "polymorphic_ctype": [
            "blocks",
            "textblock"
        ],
        "time": 2,
        "score": 1
    }
},
{
    "model": "blocks.block",
    "pk": 5,
    "fields": {
        "polymorphic_ctype": [
            "blocks",
            "textblock"
        ],
        "time": 3,
        "score": 1
    }
},
{
    "model": "blocks.block",
    "pk": 6,
    "fields": {
        "polymorphic_ctype": [
            "blocks",
            "textblock"
        ],
        "time": 3,
        "score": 1
    }
},
{
    "model": "blocks.block",
    "pk": 7,
    "fields": {
        "polymorphic_ctype": [
            "blocks",
            "textblock"
        ],
        "time": 3,
        "score": 1
    }
},
{
    "model": "blocks.block",
    "pk": 8,
    "fields": {
        "polymorphic_ctype": [
            "blocks",
            "choiceblock"
        ],
        "time": 1,
        "score": 2
    }
},
{
    "model": "blocks.block",
    "pk": 9,
    "fields": {
        "polymorphic_ctype": [
            "blocks",
            "textanswerblock"
        ],
        "time": 1,
        "score": 1
    }
},
{
    "model": "blocks.block",
    "pk": 10,
    "fields": {
        "polymorphic_ctype": [
            "blocks",
            "floatblock"
        ],
        "time": 1,
        "score": 1
    }
},
{
    "model": "blocks.block",
    "pk": 11,
    "fields": {
        "polymorphic_ctype": [
            "blocks",
            "floatblock"
        ],
        "time": 1,
        "score": 1
    }
},
{
    "model": "blocks.block",
    "pk": 12,
    "fields": {
        "polymorphic_ctype": [
            "blocks",
            "choiceblock"
        ],
        "time": 1,
        "score": 1
    }
},
{
    "model": "blocks.block",
    "pk": 13,
    "fields": {
        "polymorphic_ctype": [
            "blocks",
            "choiceblock"
        ],
        "time": 1,
        "score": 1
    }
},
{
    "model": "blocks.block",
    "pk": 14,
    "fields": {
        "polymorphic_ctype": [
            "blocks",
            "floatblock"
        ],
        "time": 1,
        "score": 3
    }
},
{
    "model": "blocks.block",
    "pk": 15,
    "fields": {
        "polymorphic_ctype": [
            "blocks",
            "floatblock"
        ],
        "time": 3,
        "score": 3
    }
},
{
    "model": "blocks.block",
    "pk": 16,
    "fields": {
        "polymorphic_ctype": [
            "blocks",
            "choiceblock"
        ],
        "time": 3,
        "score": 6
    }
},
{
    "model": "blocks.textblock",
    "pk": 2,
    "fields": {
        "title": "Ghbdtn",
        "body": "vgudsck k"
    }
},
{
    "model": "blocks.textblock",
    "pk": 3,
    "fields": {
        "title": "Markdown",
        "body": "\u041f\u0440\u0438\u0432\u0435\u0442!\r\n=================="
    }
},
{
    "model": "blocks.textblock",
    "pk": 4,
    "fields": {
        "title": "\u0427\u0438\u0441\u043b\u043e\u0432\u044b\u0435 \u0434\u0440\u043e\u0431\u0438 \u0438 \u0434\u0440\u043e\u0431\u0438 \u0441 \u043f\u0435\u0440\u0435\u043c\u0435\u043d\u043d\u044b\u043c\u0438",
        "body": "\u0414\u0440\u043e\u0431\u044c\u044e \u043d\u0430\u0437\u044b\u0432\u0430\u044e\u0442 \u0432\u044b\u0440\u0430\u0436\u0435\u043d\u0438\u0435 \u0432\u0438\u0434\u0430 $\\frac{a}{b}$, \u0433\u0434\u0435 \u0431\u0443\u043a\u0432\u0430\u043c\u0438 a \u0438 b \u043e\u0431\u043e\u0437\u043d\u0430\u0447\u0435\u043d\u044b \u0447\u0438\u0441\u043b\u043e\u0432\u044b\u0435 \u0438\u043b\u0438 \u0432\u044b\u0440\u0430\u0436\u0435\u043d\u0438\u044f, \u0441\u043e\u0434\u0435\u0440\u0436\u0430\u0449\u0438\u0435 \u043f\u0435\u0440\u0435\u043c\u0435\u043d\u043d\u044b\u0435. \u0412\u044b\u0440\u0430\u0436\u0435\u043d\u0438\u0435 a \u2013 \u044d\u0442\u043e \u0447\u0438\u0441\u043b\u0438\u0442\u0435\u043b\u044c \u0434\u0440\u043e\u0431\u0438, \u0432\u044b\u0440\u0430\u0436\u0435\u043d\u0438\u0435 b \u2013 \u0437\u043d\u0430\u043c\u0435\u043d\u0430\u0442\u0435\u043b\u044c \u0434\u0440\u043e\u0431\u0438.\r\n\u0412\u044b \u0445\u043e\u0440\u043e\u0448\u043e \u0437\u043d\u0430\u043a\u043e\u043c\u044b \u0441 \u0447\u0438\u0441\u043b\u043e\u0432\u044b\u043c\u0438 \u0434\u0440\u043e\u0431\u044f\u043c\u0438\r\n\u041f\u0440\u0438\u043c\u0435\u0440\u044b \u0447\u0438\u0441\u043b\u043e\u0432\u044b\u0445 \u0434\u0440\u043e\u0431\u0435\u0439\r\n$$\\frac{4}{7}$$\r\n$$\\frac{1,8-4,2}{5,6*(-3)}$$\r\n$$\\frac{1}{3/4+9/5}$$\r\n\u0422\u0430\u043a \u0436\u0435 \u0432\u044b \u0443\u0436\u0435 \u0432\u0441\u0442\u0440\u0435\u0447\u0430\u043b\u0438\u0441\u044c \u0441 \u0434\u0440\u043e\u0431\u044f\u043c\u0438, \u0432 \u043a\u043e\u0442\u043e\u0440\u044b\u0445 \u0435\u0441\u0442\u044c \u043f\u0435\u0440\u0435\u043c\u0435\u043d\u043d\u044b\u0435\r\n\u041f\u0440\u0438\u043c\u0435\u0440\u044b \u0434\u0440\u043e\u0431\u0435\u0439 \u0441 \u043f\u0435\u0440\u0435\u043c\u0435\u043d\u043d\u044b\u043c\u0438\r\n$$\\frac{10}{(2-a)^2} $$\r\n$$\\frac{cd+d^3}{c^2-d}$$\r\n$$\\frac{2}{\\frac{1}{a}+\\frac{b}{3}}$$"
    }
},
{
    "model": "blocks.textblock",
    "pk": 5,
    "fields": {
        "title": "\u041e\u043f\u0440\u0435\u0434\u0435\u043b\u0435\u043d\u0438\u044f",
        "body": "\u041d\u0435\u043c\u043d\u043e\u0433\u043e \u0442\u0435\u0440\u043c\u0438\u043d\u043e\u0432:\r\n\u0420\u0430\u0446\u0438\u043e\u043d\u0430\u043b\u044c\u043d\u044b\u0435 \u0432\u044b\u0440\u0430\u0436\u0435\u043d\u0438\u044f \u2013 \u044d\u0442\u043e \u0432\u044b\u0440\u0430\u0436\u0435\u043d\u0438\u044f, \u043f\u043e\u043b\u0443\u0447\u0435\u043d\u043d\u044b\u0435 \u043f\u0443\u0442\u0435\u043c \u0441\u043b\u043e\u0436\u0435\u043d\u0438\u044f, \u0432\u044b\u0447\u0438\u0442\u0430\u043d\u0438\u044f, \u0443\u043c\u043d\u043e\u0436\u0435\u043d\u0438\u044f, \u0434\u0435\u043b\u0435\u043d\u0438\u044f \u0438 \u0432\u043e\u0437\u0432\u0435\u0434\u0435\u043d\u0438\u044f \u0432 \u0441\u0442\u0435\u043f\u0435\u043d\u044c \u0447\u0438\u0441\u0435\u043b \u0438 \u043f\u0435\u0440\u0435\u043c\u0435\u043d\u043d\u044b\u0445.\r\n\u0420\u0430\u0446\u0438\u043e\u043d\u0430\u043b\u044c\u043d\u044b\u0435 \u0432\u044b\u0440\u0430\u0436\u0435\u043d\u0438\u044f \u043c\u043e\u0433\u0443\u0442 \u0431\u044b\u0442\u044c \u0446\u0435\u043b\u044b\u043c\u0438 \u0438 \u0434\u0440\u043e\u0431\u043d\u044b\u043c\u0438. \u0426\u0435\u043b\u044b\u0435 \u0440\u0430\u0446\u0438\u043e\u043d\u0430\u043b\u044c\u043d\u044b\u0435 \u0432\u044b\u0440\u0430\u0436\u0435\u043d\u0438\u044f \u043d\u0435 \u0441\u043e\u0434\u0435\u0440\u0436\u0430\u0442 \u043f\u0435\u0440\u0435\u043c\u0435\u043d\u043d\u043e\u0439 \u0432 \u0437\u043d\u0430\u043c\u0435\u043d\u0430\u0442\u0435\u043b\u0435 (\u0441\u044e\u0434\u0430 \u043e\u0442\u043d\u043e\u0441\u044f\u0442\u0441\u044f \u0447\u0438\u0441\u043b\u0430, \u043e\u0434\u043d\u043e\u0447\u043b\u0435\u043d\u044b, \u043c\u043d\u043e\u0433\u043e\u0447\u043b\u0435\u043d\u044b), \r\n\u041d\u0430\u043f\u0440\u0438\u043c\u0435\u0440, $7,5$, $a^3$, $2x^2-5x+18$, $\\frac{x^4}{15}$\r\n\u0414\u0440\u043e\u0431\u043d\u044b\u0435 \u0440\u0430\u0446\u0438\u043e\u043d\u0430\u043b\u044c\u043d\u044b\u0435 \u0432\u044b\u0440\u0430\u0436\u0435\u043d\u0438\u044f, \u043d\u0430\u043e\u0431\u043e\u0440\u043e\u0442, \u0441\u043e\u0434\u0435\u0440\u0436\u0430\u0442 \u043e\u043f\u0435\u0440\u0430\u0446\u0438\u044e \u0434\u0435\u043b\u0435\u043d\u0438\u044f \u043d\u0430 \u0432\u044b\u0440\u0430\u0436\u0435\u043d\u0438\u0435 \u0441 \u043f\u0435\u0440\u0435\u043c\u0435\u043d\u043d\u043e\u0439\r\n\u041d\u0430\u043f\u0440\u0438\u043c\u0435\u0440, \r\n\r\n$$ 2+a $$\r\n$$ \\frac{cd+d^3}{c^2-d} $$\r\n$$ \\frac{2}{\\frac{1}{a}+\\frac{b}{3}} $$\r\n\u041a \u043d\u0435\u0440\u0430\u0446\u0438\u043e\u043d\u0430\u043b\u044c\u043d\u044b\u043c \u0434\u0440\u043e\u0431\u044f\u043c \u043e\u0442\u043d\u043e\u0441\u044f\u0442\u0441\u044f, \u043d\u0430\u043f\u0440\u0438\u043c\u0435\u0440, \u0434\u0440\u043e\u0431\u0438, \u0441\u043e\u0434\u0435\u0440\u0436\u0430\u0449\u0438\u0435 \u043f\u0435\u0440\u0435\u043c\u0435\u043d\u043d\u0443\u044e \u043f\u043e\u0434 \u0437\u043d\u0430\u043a\u043e\u043c \u043c\u043e\u0434\u0443\u043b\u044f. \r\n$$ \\frac{x}{1-|2x|} $$\r\n\r\n\u0410\u043b\u0433\u0435\u0431\u0440\u0430\u0438\u0447\u0435\u0441\u043a\u043e\u0439 \u0434\u0440\u043e\u0431\u044c\u044e \u043d\u0430\u0437\u044b\u0432\u0430\u044e\u0442 \u0434\u0440\u043e\u0431\u043d\u043e\u0435 \u0440\u0430\u0446\u0438\u043e\u043d\u0430\u043b\u044c\u043d\u043e\u0435 \u0432\u044b\u0440\u0430\u0436\u0435\u043d\u0438\u0435, \u043a\u043e\u0442\u043e\u0440\u043e\u0435 \u043f\u0440\u0435\u0434\u0441\u0442\u0430\u0432\u043b\u0435\u043d\u043e \u0432 \u0432\u0438\u0434\u0435 \u0447\u0430\u0441\u0442\u043d\u043e\u0433\u043e \u0434\u0432\u0443\u0445 \u043c\u043d\u043e\u0433\u043e\u0447\u043b\u0435\u043d\u043e\u0432. \r\n\r\n![cat](http://getbg.net/upload/full/158049_kotik_malysh_1600x1200_(www.GetBg.net).jpg)"
    }
},
{
    "model": "blocks.textblock",
    "pk": 6,
    "fields": {
        "title": "\u0412\u044b\u0447\u0438\u0441\u043b\u0435\u043d\u0438\u0435 \u0437\u043d\u0430\u0447\u0435\u043d\u0438\u044f \u0434\u0440\u043e\u0431\u0435\u0439",
        "body": "\u0412\u044b\u0447\u0438\u0441\u043b\u0435\u043d\u0438\u0435 \u0437\u043d\u0430\u0447\u0435\u043d\u0438\u044f \u0434\u0440\u043e\u0431\u0435\u0439\r\n\u0427\u0442\u043e\u0431\u044b \u043d\u0430\u0439\u0442\u0438 \u0437\u043d\u0430\u0447\u0435\u043d\u0438\u0435 \u0434\u0440\u043e\u0431\u0438 \u043d\u0443\u0436\u043d\u043e:\r\n\r\n- \u0412\u044b\u0447\u0438\u0441\u043b\u0438\u0442\u044c \u0437\u043d\u0430\u0447\u0435\u043d\u0438\u0435 \u0432\u044b\u0440\u0430\u0436\u0435\u043d\u0438\u044f, \u043a\u043e\u0442\u043e\u0440\u043e\u0435 \u0441\u0442\u043e\u0438\u0442 \u0432 \u0447\u0438\u0441\u043b\u0438\u0442\u0435\u043b\u0435\r\n- \u0412\u044b\u0447\u0438\u0441\u043b\u0438\u0442\u044c \u0437\u043d\u0430\u0447\u0435\u043d\u0438\u0435 \u0432\u044b\u0440\u0430\u0436\u0435\u043d\u0438\u044f \u0432 \u0437\u043d\u0430\u043c\u0435\u043d\u0430\u0442\u0435\u043b\u0435\r\n- \u041f\u0435\u0440\u0432\u044b\u0439 \u0440\u0435\u0437\u0443\u043b\u044c\u0442\u0430\u0442 \u0440\u0430\u0437\u0434\u0435\u043b\u0438\u0442\u044c \u043d\u0430 \u0432\u0442\u043e\u0440\u043e\u0439\r\n\r\n\u041f\u0440\u0438\u043c\u0435\u0440 1.\r\n\r\n\u0417\u043d\u0430\u0447\u0435\u043d\u0438\u0435 \u0447\u0438\u0441\u043b\u0438\u0442\u0435\u043b\u044f \u0438 \u0437\u043d\u0430\u043c\u0435\u043d\u0430\u0442\u0435\u043b\u044f \u0434\u0440\u043e\u0431\u0438 \u0441 \u043f\u0435\u0440\u0435\u043c\u0435\u043d\u043d\u043e\u0439 \u0437\u0430\u0432\u0438\u0441\u0438\u0442 \u043e\u0442 \u0437\u043d\u0430\u0447\u0435\u043d\u0438\u0439 \u043f\u0435\u0440\u0435\u043c\u0435\u043d\u043d\u044b\u0445, \u043a\u043e\u0442\u043e\u0440\u044b\u0435 \u0432\u0445\u043e\u0434\u044f\u0442 \u0432 \u044d\u0442\u0443 \u0434\u0440\u043e\u0431\u044c.\r\n\r\n\u0427\u0442\u043e\u0431\u044b \u0432\u044b\u0447\u0438\u0441\u043b\u0438\u0442\u044c \u0437\u043d\u0430\u0447\u0435\u043d\u0438\u0435 \u0434\u0440\u043e\u0431\u0438 $2/(x-3)$ \u0434\u043e\u0441\u0442\u0430\u0442\u043e\u0447\u043d\u043e \u0437\u043d\u0430\u0442\u044c \u0437\u043d\u0430\u0447\u0435\u043d\u0438\u0435 \u043f\u0435\u0440\u0435\u043c\u0435\u043d\u043d\u043e\u0439 $x$.\r\n\u0417\u043d\u0430\u0447\u0435\u043d\u0438\u044f \u0434\u0440\u043e\u0431\u0438 \u043f\u0440\u0438 \u043d\u0435\u043a\u043e\u0442\u043e\u0440\u044b\u0445 \u0437\u043d\u0430\u0447\u0435\u043d\u0438\u044f\u0445 \u043f\u0435\u0440\u0435\u043c\u0435\u043d\u043d\u043e\u0439 \u043f\u0440\u0435\u0434\u0441\u0442\u0430\u0432\u043b\u0435\u043d\u044b \u0432 \u0442\u0430\u0431\u043b\u0438\u0446\u0435:\r\n![table1](https://image.prntscr.com/image/6YAB-FumQ7eku0-XiQzlCw.png)"
    }
},
{
    "model": "blocks.textblock",
    "pk": 7,
    "fields": {
        "title": "\u041f\u0440\u0438\u043c\u0435\u0440 \u043d\u0430 \u0432\u044b\u0447\u0438\u0441\u043b\u0435\u043d\u0438\u0435 \u0434\u0440\u043e\u0431\u0435\u0439",
        "body": "\u0412\u044b \u0432\u0441\u0442\u0440\u0435\u0447\u0430\u043b\u0438\u0441\u044c \u0441 \u0440\u0430\u0446\u0438\u043e\u043d\u0430\u043b\u044c\u043d\u044b\u043c\u0438 \u0432\u044b\u0440\u0430\u0436\u0435\u043d\u0438\u044f\u043c\u0438 \u0432 \u043a\u0443\u0440\u0441\u0435 \u0444\u0438\u0437\u0438\u043a\u0438. \u0427\u0442\u043e\u0431\u044b \u0432\u044b\u0447\u0438\u0441\u043b\u0438\u0442\u044c \u0443\u0441\u043a\u043e\u0440\u0435\u043d\u0438\u0435 \u043f\u0440\u0438 \u0440\u0430\u0432\u043d\u043e\u0443\u0441\u043a\u043e\u0440\u0435\u043d\u043d\u043e\u043c \u0434\u0432\u0438\u0436\u0435\u043d\u0438\u0438 \u043f\u043e \u0444\u043e\u0440\u043c\u0443\u043b\u0435 $a=\\frac{v-v_0}{t}$, \u043d\u0443\u0436\u043d\u043e \u0437\u043d\u0430\u0442\u044c 3 \u0432\u0435\u043b\u0438\u0447\u0438\u043d\u044b: $v$-\u043a\u043e\u043d\u0435\u0447\u043d\u0430\u044f \u0441\u043a\u043e\u0440\u043e\u0441\u0442\u044c, $v_0$ - \u043d\u0430\u0447\u0430\u043b\u044c\u043d\u0430\u044f \u0441\u043a\u043e\u0440\u043e\u0441\u0442\u044c, $t$ - \u0432\u0440\u0435\u043c\u044f.\r\n\r\n\u041f\u0440\u0438\u043c\u0435\u0440 2.\r\n\r\n\u0421\u043a\u043e\u043b\u044c\u043a\u043e \u0437\u043d\u0430\u0447\u0435\u043d\u0438\u0439 \u043d\u0443\u0436\u043d\u043e \u0437\u0430\u0434\u0430\u0442\u044c, \u0447\u0442\u043e\u0431\u044b \u0432\u044b\u0447\u0438\u0441\u043b\u0438\u0442\u044c \u0437\u043d\u0430\u0447\u0435\u043d\u0438\u0435 \u0434\u0440\u043e\u0431\u0438 $\\frac{a+b-3}{2*(a-b)}$?\r\n\u041d\u0430\u043c \u043d\u0435\u043e\u0431\u0445\u043e\u0434\u0438\u043c\u044b \u0434\u0432\u0430 \u0437\u043d\u0430\u0447\u0435\u043d\u0438\u044f, \u0442\u0430\u043a \u043a\u0430\u043a \u0432 \u0434\u0440\u043e\u0431\u0438 \u0434\u0432\u0435 \u043f\u0435\u0440\u0435\u043c\u0435\u043d\u043d\u044b\u0435 $a$ \u0438 $b$.\r\n\u041f\u0443\u0441\u0442\u044c $a=5$, $b=4$. \u0427\u0442\u043e\u0431\u044b \u0432\u044b\u0447\u0438\u0441\u043b\u0438\u0442\u044c \u0437\u043d\u0430\u0447\u0435\u043d\u0438\u0435 \u0434\u0440\u043e\u0431\u0438 \u043f\u0440\u0438 \u0437\u0430\u0434\u0430\u043d\u043d\u044b\u0445 \u0437\u043d\u0430\u0447\u0435\u043d\u0438\u044f\u0445 $a$ \u0438 $b$, \u043d\u0443\u0436\u043d\u043e \u043f\u043e\u0434\u0441\u0442\u0430\u0432\u0438\u0442\u044c \u044d\u0442\u0438 \u0437\u043d\u0430\u0447\u0435\u043d\u0438\u044f \u0432 \u0434\u0440\u043e\u0431\u044c \u0432\u043c\u0435\u0441\u0442\u043e \u043f\u0435\u0440\u0435\u043c\u0435\u043d\u043d\u044b\u0445\r\n$$ \\frac{5+4-3}{2*(5-4)} = \\frac{6}{2*1} = \\frac{6}{2}=3 $$\r\n\u041f\u043e\u043f\u0440\u043e\u0431\u0443\u0439\u0442\u0435 \u0441\u0430\u043c\u043e\u0441\u0442\u043e\u044f\u0442\u0435\u043b\u044c\u043d\u043e \u0432\u044b\u0447\u0438\u0441\u043b\u0438\u0442\u044c \u0437\u043d\u0430\u0447\u0435\u043d\u0438\u0435 \u0434\u0440\u043e\u0431\u0438 \u043f\u0440\u0438 $a=-1$, $b=2$."
    }
},
{
    "model": "blocks.choiceblock",
    "pk": 1,
    "fields": {
        "question_text": "WTF?",
        "image": ""
    }
},
{
    "model": "blocks.choiceblock",
    "pk": 8,
    "fields": {
        "question_text": "\u041a\u0430\u043a\u0438\u0435 \u0438\u0437 \u0432\u044b\u0440\u0430\u0436\u0435\u043d\u0438\u0439 \u044f\u0432\u043b\u044f\u044e\u0442\u0441\u044f \u0434\u0440\u043e\u0431\u044f\u043c\u0438?",
        "image": ""
    }
},
{
    "model": "blocks.choiceblock",
    "pk": 12,
    "fields": {
        "question_text": "\u041a\u0430\u043a\u0438\u0445 \u0432\u044b\u0440\u0430\u0436\u0435\u043d\u0438\u0439 \u0431\u043e\u043b\u044c\u0448\u0435",
        "image": ""
    }
},
{
    "model": "blocks.choiceblock",
    "pk": 13,
    "fields": {
        "question_text": "\u041a\u0430\u043a\u0438\u0445 \u0432\u044b\u0440\u0430\u0436\u0435\u043d\u0438\u0439 \u0431\u043e\u043b\u044c\u0448\u0435?",
        "image": ""
    }
},
{
    "model": "blocks.choiceblock",
    "pk": 16,
    "fields": {
        "question_text": "\u041f\u0440\u0438 \u043a\u0430\u043a\u0438\u0445 \u0437\u043d\u0430\u0447\u0435\u043d\u0438\u044f\u0445 a \u0434\u0440\u043e\u0431\u044c $\\frac{18}{a+1}$  \u0431\u0443\u0434\u0435\u0442 \u043d\u0430\u0442\u0443\u0440\u0430\u043b\u044c\u043d\u044b\u043c \u0447\u0438\u0441\u043b\u043e\u043c?",
        "image": ""
    }
},
{
    "model": "blocks.choiceblockoption",
    "pk": 1,
    "fields": {
        "choice_block": 1,
        "option_text": "qw",
        "option_image": "",
        "help_text": "qwer",
        "is_true": true
    }
},
{
    "model": "blocks.choiceblockoption",
    "pk": 2,
    "fields": {
        "choice_block": 1,
        "option_text": "hgf",
        "option_image": "",
        "help_text": "iutr",
        "is_true": false
    }
},
{
    "model": "blocks.choiceblockoption",
    "pk": 3,
    "fields": {
        "choice_block": 1,
        "option_text": "nojnijn",
        "option_image": "",
        "help_text": "",
        "is_true": true
    }
},
{
    "model": "blocks.choiceblockoption",
    "pk": 4,
    "fields": {
        "choice_block": 8,
        "option_text": "$\\frac{4}{a}$",
        "option_image": "",
        "help_text": "",
        "is_true": false
    }
},
{
    "model": "blocks.choiceblockoption",
    "pk": 5,
    "fields": {
        "choice_block": 8,
        "option_text": "$\\frac{a}{5}$",
        "option_image": "",
        "help_text": "",
        "is_true": true
    }
},
{
    "model": "blocks.choiceblockoption",
    "pk": 6,
    "fields": {
        "choice_block": 8,
        "option_text": "$\\frac{a^2}{b^2}$",
        "option_image": "",
        "help_text": "",
        "is_true": true
    }
},
{
    "model": "blocks.choiceblockoption",
    "pk": 7,
    "fields": {
        "choice_block": 8,
        "option_text": "$a+\\frac{1}{2}$",
        "option_image": "",
        "help_text": "",
        "is_true": false
    }
},
{
    "model": "blocks.choiceblockoption",
    "pk": 8,
    "fields": {
        "choice_block": 13,
        "option_text": "\u0420\u0430\u0446\u0438\u043e\u043d\u0430\u043b\u044c\u043d\u044b\u0445 \u0432\u044b\u0440\u0430\u0436\u0435\u043d\u0438\u0439",
        "option_image": "",
        "help_text": "",
        "is_true": true
    }
},
{
    "model": "blocks.choiceblockoption",
    "pk": 9,
    "fields": {
        "choice_block": 13,
        "option_text": "\u0410\u043b\u0433\u0435\u0431\u0440\u0430\u0438\u0447\u0435\u0441\u043a\u0438\u0445 \u0434\u0440\u043e\u0431\u0435\u0439",
        "option_image": "",
        "help_text": "",
        "is_true": false
    }
},
{
    "model": "blocks.choiceblockoption",
    "pk": 10,
    "fields": {
        "choice_block": 16,
        "option_text": "-1",
        "option_image": "",
        "help_text": "",
        "is_true": false
    }
},
{
    "model": "blocks.choiceblockoption",
    "pk": 11,
    "fields": {
        "choice_block": 16,
        "option_text": "0",
        "option_image": "",
        "help_text": "",
        "is_true": true
    }
},
{
    "model": "blocks.choiceblockoption",
    "pk": 12,
    "fields": {
        "choice_block": 16,
        "option_text": "-2",
        "option_image": "",
        "help_text": "",
        "is_true": false
    }
},
{
    "model": "blocks.choiceblockoption",
    "pk": 13,
    "fields": {
        "choice_block": 16,
        "option_text": "1",
        "option_image": "",
        "help_text": "",
        "is_true": true
    }
},
{
    "model": "blocks.choiceblockoption",
    "pk": 14,
    "fields": {
        "choice_block": 16,
        "option_text": "2",
        "option_image": "",
        "help_text": "",
        "is_true": true
    }
},
{
    "model": "blocks.choiceblockoption",
    "pk": 15,
    "fields": {
        "choice_block": 16,
        "option_text": "3",
        "option_image": "",
        "help_text": "",
        "is_true": false
    }
},
{
    "model": "blocks.choiceblockoption",
    "pk": 16,
    "fields": {
        "choice_block": 16,
        "option_text": "5",
        "option_image": "",
        "help_text": "",
        "is_true": true
    }
},
{
    "model": "blocks.choiceblockoption",
    "pk": 17,
    "fields": {
        "choice_block": 16,
        "option_text": "6",
        "option_image": "",
        "help_text": "",
        "is_true": false
    }
},
{
    "model": "blocks.choiceblockoption",
    "pk": 18,
    "fields": {
        "choice_block": 16,
        "option_text": "8",
        "option_image": "",
        "help_text": "",
        "is_true": true
    }
},
{
    "model": "blocks.choiceblockoption",
    "pk": 19,
    "fields": {
        "choice_block": 16,
        "option_text": "17",
        "option_image": "",
        "help_text": "",
        "is_true": true
    }
},
{
    "model": "blocks.floatblock",
    "pk": 10,
    "fields": {
        "question_text": "\u0412\u044b\u0447\u0438\u0441\u043b\u0438\u0442\u0435 \u0437\u043d\u0430\u0447\u0435\u043d\u0438\u0435 \u0434\u0440\u043e\u0431\u0438 $\\frac{x^2+2}{3-y}$  \u043f\u0440\u0438 $x=2$, $y=-3$.",
        "image": "",
        "answer": 1.0
    }
},
{
    "model": "blocks.floatblock",
    "pk": 11,
    "fields": {
        "question_text": "\u041d\u0430 \u043a\u0430\u0440\u0442\u0438\u043d\u043a\u0435 \u0432\u044b \u0432\u0438\u0434\u0438\u0442\u0435 \u0424\u043e\u0440\u043c\u0443\u043b\u0443 \u0434\u043b\u044f \u0440\u0430\u0441\u0447\u0435\u0442\u0430 \u0438\u0434\u0435\u0430\u043b\u044c\u043d\u043e\u0433\u043e \u0432\u0435\u0441\u0430 \u0436\u0435\u043d\u0449\u0438\u043d\u044b.\r\n\u0413\u0434\u0435 \u0420\u041e\u0421\u0422 \u2013 \u044d\u0442\u043e \u0440\u043e\u0441\u0442 \u0432 \u0441\u0430\u043d\u0442\u0438\u043c\u0435\u0442\u0440\u0430\u0445. \u0420\u0430\u0441\u0441\u0447\u0438\u0442\u0430\u0439\u0442\u0435 \u0438\u0434\u0435\u0430\u043b\u044c\u043d\u044b\u0439 \u0432\u0435\u0441 \u0434\u043b\u044f \u0436\u0435\u043d\u0449\u0438\u043d\u044b \u0440\u043e\u0441\u0442\u043e\u043c 165 \u0441\u043c. \r\n![formula](https://image.prntscr.com/image/JPHgXOfHS8icApQVAI5y5A.png)",
        "image": "",
        "answer": 57.5
    }
},
{
    "model": "blocks.floatblock",
    "pk": 14,
    "fields": {
        "question_text": "\u041c\u043e\u0442\u043e\u0440\u043d\u0430\u044f \u043b\u043e\u0434\u043a\u0430 \u043f\u043b\u044b\u0432\u0435\u0442 \u043e\u0442 \u043e\u0434\u043d\u043e\u0439 \u043f\u0440\u0438\u0441\u0442\u0430\u043d\u0438 \u0434\u043e \u0434\u0440\u0443\u0433\u043e\u0439. \u0420\u0430\u0441\u0441\u0442\u043e\u044f\u043d\u0438\u0435 \u043c\u0435\u0436\u0434\u0443 \u043f\u0440\u0438\u0441\u0442\u0430\u043d\u044f\u043c\u0438 28 \u043a\u043c. \u0421\u043e\u0431\u0441\u0442\u0432\u0435\u043d\u043d\u0430\u044f \u0441\u043a\u043e\u0440\u043e\u0441\u0442\u044c \u043b\u043e\u0434\u043a\u0438 v, \u0441\u043a\u043e\u0440\u043e\u0441\u0442\u044c \u0442\u0435\u0447\u0435\u043d\u0438\u044f \u0440\u0435\u043a\u0438 1 \u043a\u043c/\u0447. \u0421\u043a\u043e\u043b\u044c\u043a\u043e \u0432\u0440\u0435\u043c\u0435\u043d\u0438 t \u043f\u043e\u0442\u0440\u0435\u0431\u0443\u0435\u0442\u0441\u044f \u043b\u043e\u0434\u043a\u0435, \u0447\u0442\u043e\u0431\u044b \u043f\u0440\u043e\u0434\u0435\u043b\u0430\u0442\u044c \u0432\u0435\u0441\u044c \u043f\u0443\u0442\u044c \u043f\u0440\u043e\u0442\u0438\u0432 \u0442\u0435\u0447\u0435\u043d\u0438\u044f? \u0417\u0430\u043f\u0438\u0448\u0438\u0442\u0435 \u0444\u043e\u0440\u043c\u0443\u043b\u0443 \u0434\u043b\u044f t \u0438 \u0432\u044b\u0447\u0438\u0441\u043b\u0438\u0442\u0435 \u0432\u0440\u0435\u043c\u044f, \u0435\u0441\u043b\u0438 \u0441\u043a\u043e\u0440\u043e\u0441\u0442\u044c v= 41 \u043a\u043c/\u0447. \u0412 \u043e\u0442\u0432\u0435\u0442 \u0437\u0430\u043f\u0438\u0448\u0438\u0442\u0435 \u0432\u0440\u0435\u043c\u044f \u0432 \u043c\u0438\u043d\u0443\u0442\u0430\u0445.",
        "image": "",
        "answer": 42.0
    }
},
{
    "model": "blocks.floatblock",
    "pk": 15,
    "fields": {
        "question_text": "\u041a\u043b\u0438\u0435\u043d\u0442 \u043f\u043e\u043b\u043e\u0436\u0438\u043b \u0432 \u0431\u0430\u043d\u043a a \u0440\u0443\u0431\u043b\u0435\u0439 \u043f\u043e\u0434 p \u043f\u0440\u043e\u0446\u0435\u043d\u0442\u043e\u0432 \u0433\u043e\u0434\u043e\u0432\u044b\u0445. \u041a \u043a\u043e\u043d\u0446\u0443 \u0433\u043e\u0434\u0430 \u0441\u0443\u043c\u043c\u0430 \u043d\u0430 \u0435\u0433\u043e \u0441\u0447\u0435\u0442\u0443 \u0441\u043e\u0441\u0442\u0430\u0432\u0438\u043b\u0430 b. \u0412\u044b\u0440\u0430\u0437\u0438\u0442\u0435 p \u0447\u0435\u0440\u0435\u0437 a \u0438 b. \u0412\u043e\u0441\u043f\u043e\u043b\u044c\u0437\u0443\u0439\u0442\u0435\u0441\u044c \u044d\u0442\u043e\u0439 \u0444\u043e\u0440\u043c\u0443\u043b\u043e\u0439, \u0447\u0442\u043e\u0431\u044b \u0432\u044b\u0447\u0438\u0441\u043b\u0438\u0442\u044c \u043f\u0440\u043e\u0446\u0435\u043d\u0442 \u0433\u043e\u0434\u043e\u0432\u044b\u0445, \u0435\u0441\u043b\u0438 \u043f\u0435\u0440\u0432\u043e\u043d\u0430\u0447\u0430\u043b\u044c\u043d\u044b\u0439 \u0432\u0437\u043d\u043e\u0441 \u0441\u043e\u0441\u0442\u0430\u0432\u0438\u043b 172 \u0442\u044b\u0441\u044f\u0447\u0438 \u0440\u0443\u0431\u043b\u0435\u0439, \u0430 \u043a \u043a\u043e\u043d\u0446\u0443 \u0433\u043e\u0434\u0430 \u0441\u0443\u043c\u043c\u0430 \u043d\u0430 \u0432\u043a\u043b\u0430\u0434\u0435 \u0441\u043e\u0441\u0442\u0430\u0432\u0438\u043b\u0430 184 \u0442\u044b\u0441\u044f\u0447\u0438 40 \u0440\u0443\u0431\u043b\u0435\u0439. \u0412 \u043e\u0442\u0432\u0435\u0442 \u0437\u0430\u043f\u0438\u0448\u0438\u0442\u0435 \u043f\u0440\u043e\u0446\u0435\u043d\u0442 \u0433\u043e\u0434\u043e\u0432\u044b\u0445.",
        "image": "",
        "answer": 8.0
    }
},
{
    "model": "blocks.textanswerblock",
    "pk": 9,
    "fields": {
        "question_text": "\u041f\u0440\u0435\u0434\u0441\u0442\u0430\u0432\u044c\u0442\u0435 \u0432 \u0432\u0438\u0434\u0435 \u0434\u0440\u043e\u0431\u0438 \u0432\u044b\u0440\u0430\u0436\u0435\u043d\u0438\u0435 $1\\frac{2}{5}a$",
        "image": "",
        "answer": "7a/5"
    }
},
{
    "model": "blocks.nodeblockrelation",
    "pk": 1,
    "fields": {
        "node": 1,
        "block": 1,
        "order": 0
    }
},
{
    "model": "blocks.nodeblockrelation",
    "pk": 2,
    "fields": {
        "node": 1,
        "block": 2,
        "order": 0
    }
},
{
    "model": "blocks.nodeblockrelation",
    "pk": 3,
    "fields": {
        "node": 5,
        "block": 4,
        "order": 1
    }
},
{
    "model": "blocks.nodeblockrelation",
    "pk": 4,
    "fields": {
        "node": 5,
        "block": 5,
        "order": 2
    }
},
{
    "model": "blocks.nodeblockrelation",
    "pk": 5,
    "fields": {
        "node": 6,
        "block": 6,
        "order": 1
    }
},
{
    "model": "blocks.nodeblockrelation",
    "pk": 6,
    "fields": {
        "node": 6,
        "block": 7,
        "order": 2
    }
},
{
    "model": "blocks.nodeblockrelation",
    "pk": 7,
    "fields": {
        "node": 5,
        "block": 8,
        "order": 3
    }
},
{
    "model": "blocks.nodeblockrelation",
    "pk": 8,
    "fields": {
        "node": 5,
        "block": 9,
        "order": 4
    }
},
{
    "model": "blocks.nodeblockrelation",
    "pk": 9,
    "fields": {
        "node": 6,
        "block": 10,
        "order": 3
    }
},
{
    "model": "blocks.nodeblockrelation",
    "pk": 10,
    "fields": {
        "node": 6,
        "block": 11,
        "order": 4
    }
},
{
    "model": "blocks.nodeblockrelation",
    "pk": 11,
    "fields": {
        "node": 5,
        "block": 13,
        "order": 5
    }
},
{
    "model": "blocks.nodeblockrelation",
    "pk": 13,
    "fields": {
        "node": 6,
        "block": 15,
        "order": 6
    }
},
{
    "model": "blocks.nodeblockrelation",
    "pk": 14,
    "fields": {
        "node": 6,
        "block": 16,
        "order": 7
    }
},
{
    "model": "blocks.nodeblockrelation",
    "pk": 15,
    "fields": {
        "node": 6,
        "block": 14,
        "order": 5
    }
},
{
    "model": "nodes.node",
    "pk": 1,
    "fields": {
        "title": "\u0424\u0438\u0437\u0438\u0447\u0435\u0441\u043a\u043e\u0435 \u0442\u0435\u043b\u043e. \u0412\u0435\u0449\u0435\u0441\u0442\u0432\u043e, \u043c\u0430\u0442\u0435\u0440\u0438\u044f.",
        "subject_tag": 1,
        "node_type": "DF"
    }
},
{
    "model": "nodes.node",
    "pk": 2,
    "fields": {
        "title": "\u041f\u0440\u043e\u0441\u0442\u0435\u0439\u0448\u0438\u0435 \u0441\u0432\u043e\u0439\u0441\u0442\u0432\u0430 \u0432\u0435\u0449\u0435\u0441\u0442\u0432\u0430.",
        "subject_tag": 1,
        "node_type": "DF"
    }
},
{
    "model": "nodes.node",
    "pk": 3,
    "fields": {
        "title": "\u0410\u0433\u0440\u0435\u0433\u0430\u0442\u043d\u044b\u0435 \u0441\u043e\u0441\u0442\u043e\u044f\u043d\u0438\u044f \u0432\u0435\u0449\u0435\u0441\u0442\u0432\u0430.",
        "subject_tag": 1,
        "node_type": "DF"
    }
},
{
    "model": "nodes.node",
    "pk": 4,
    "fields": {
        "title": "\u041c\u043e\u043b\u0435\u043a\u0443\u043b\u044b. \u0410\u0442\u043e\u043c\u044b. \u0418\u0445 \u043a\u043b\u0430\u0441\u0441\u0438\u0444\u0438\u043a\u0430\u0446\u0438\u044f.",
        "subject_tag": 1,
        "node_type": "DF"
    }
},
{
    "model": "nodes.node",
    "pk": 5,
    "fields": {
        "title": "\u0410\u043b\u0433\u0435\u0431\u0440\u0430\u0438\u0447\u0435\u0441\u043a\u0430\u044f \u0434\u0440\u043e\u0431\u044c",
        "subject_tag": 2,
        "node_type": "DF"
    }
},
{
    "model": "nodes.node",
    "pk": 6,
    "fields": {
        "title": "\u0412\u044b\u0447\u0438\u0441\u043b\u0435\u043d\u0438\u0435 \u0437\u043d\u0430\u0447\u0435\u043d\u0438\u044f \u0430\u043b\u0433\u0435\u0431\u0440\u0430\u0438\u0447\u0435\u0441\u043a\u043e\u0439 \u0434\u0440\u043e\u0431\u0438",
        "subject_tag": 2,
        "node_type": "MT"
    }
},
{
    "model": "nodes.noderelation",
    "pk": 1,
    "fields": {
        "parent": 1,
        "child": 2,
        "relation_type": "ST"
    }
},
{
    "model": "nodes.noderelation",
    "pk": 2,
    "fields": {
        "parent": 1,
        "child": 3,
        "relation_type": "ST"
    }
},
{
    "model": "nodes.noderelation",
    "pk": 3,
    "fields": {
        "parent": 1,
        "child": 4,
        "relation_type": "ST"
    }
},
{
    "model": "nodes.noderelation",
    "pk": 4,
    "fields": {
        "parent": 5,
        "child": 6,
        "relation_type": "ST"
    }
},
{
    "model": "tasks.task",
    "pk": 1,
    "fields": {
        "student": [
            "root"
        ],
        "teacher": [
            "root"
        ],
        "lesson": 1,
        "start_time": "2017-07-12T08:23:55Z",
        "finish_time": "2018-07-12T08:23:57Z",
        "is_finished": false
    }
},
{
    "model": "tasks.task",
    "pk": 2,
    "fields": {
        "student": [
            "user"
        ],
        "teacher": [
            "root"
        ],
        "lesson": 2,
        "start_time": "2017-08-08T09:44:09Z",
        "finish_time": "2017-08-09T09:44:13Z",
        "is_finished": false
    }
},
{
    "model": "tasks.task",
    "pk": 3,
    "fields": {
        "student": [
            "root"
        ],
        "teacher": [
            "root"
        ],
        "lesson": 4,
        "start_time": "2017-09-05T08:20:45Z",
        "finish_time": "2017-09-11T08:20:47Z",
        "is_finished": false
    }
},
{
    "model": "results.result",
    "pk": 156,
    "fields": {
        "polymorphic_ctype": [
            "results",
            "taskresult"
        ],
        "student": [
            "root"
        ],
        "date": "2017-09-05T08:33:10.036Z",
        "score": null,
        "max_score": null
    }
},
{
    "model": "results.result",
    "pk": 157,
    "fields": {
        "polymorphic_ctype": [
            "results",
            "taskresult"
        ],
        "student": [
            "root"
        ],
        "date": "2017-09-05T08:34:12.453Z",
        "score": null,
        "max_score": null
    }
},
{
    "model": "results.result",
    "pk": 158,
    "fields": {
        "polymorphic_ctype": [
            "results",
            "taskresult"
        ],
        "student": [
            "root"
        ],
        "date": "2017-09-05T08:37:30.689Z",
        "score": 4,
        "max_score": 5
    }
},
{
    "model": "results.result",
    "pk": 159,
    "fields": {
        "polymorphic_ctype": [
            "results",
            "textblockresult"
        ],
        "student": [
            "root"
        ],
        "date": "2017-09-05T08:37:30.753Z",
        "score": 3,
        "max_score": 3
    }
},
{
    "model": "results.result",
    "pk": 160,
    "fields": {
        "polymorphic_ctype": [
            "results",
            "choiceblockresult"
        ],
        "student": [
            "root"
        ],
        "date": "2017-09-05T08:37:30.862Z",
        "score": 1,
        "max_score": 2
    }
},
{
    "model": "results.taskresult",
    "pk": 156,
    "fields": {
        "task": 1
    }
},
{
    "model": "results.taskresult",
    "pk": 157,
    "fields": {
        "task": 1
    }
},
{
    "model": "results.taskresult",
    "pk": 158,
    "fields": {
        "task": 1
    }
},
{
    "model": "results.blockresult",
    "pk": 159,
    "fields": {
        "block": 2
    }
},
{
    "model": "results.blockresult",
    "pk": 160,
    "fields": {
        "block": 1
    }
},
{
    "model": "results.textblockresult",
    "pk": 159,
    "fields": {
        "answer": true
    }
},
{
    "model": "results.choiceblockresult",
    "pk": 160,
    "fields": {
        "answer": "[\"2\", \"3\"]"
    }
},
{
    "model": "results.taskresultblockresultrelation",
    "pk": 76,
    "fields": {
        "task_result": 158,
        "block_result": 159
    }
},
{
    "model": "results.taskresultblockresultrelation",
    "pk": 77,
    "fields": {
        "task_result": 158,
        "block_result": 160
    }
},
{
    "model": "lessons.lesson",
    "pk": 1,
    "fields": {
        "title": "\u041f\u0435\u0440\u0432\u044b\u0439 \u0443\u0440\u043e\u043a 7 \u043a\u043b\u0430\u0441\u0441\u0430",
        "subject_tag": 1,
        "about": "\u041f\u043e\u0437\u043d\u0430\u043a\u043e\u043c\u0438\u043c\u0441\u044f \u0441 \u0432\u0435\u0449\u0435\u0441\u0442\u0432\u043e\u043c!",
        "time": 20
    }
},
{
    "model": "lessons.lesson",
    "pk": 2,
    "fields": {
        "title": "\u041f\u0435\u0440\u0432\u044b\u0439 \u0443\u0440\u043e\u043a 8 \u043a\u043b\u0430\u0441\u0441\u0430",
        "subject_tag": 1,
        "about": "\u043f\u0440\u0438\u0432\u0435\u0442",
        "time": 20
    }
},
{
    "model": "lessons.lesson",
    "pk": 3,
    "fields": {
        "title": "\u0414\u0432\u0438\u0436\u0435\u043d\u0438\u0435",
        "subject_tag": 1,
        "about": "\u041e\u0441\u043d\u043e\u0432\u043d\u044b\u0435 \u043f\u043e\u043d\u044f\u0442\u0438\u044f",
        "time": 20
    }
},
{
    "model": "lessons.lesson",
    "pk": 4,
    "fields": {
        "title": "\u0410\u043b\u0433\u0435\u0431\u0440\u0430\u0438\u0447\u0435\u0441\u043a\u0430\u044f \u0434\u0440\u043e\u0431\u044c. \u0412\u044b\u0447\u0438\u0441\u043b\u0435\u043d\u0438\u0435 \u0437\u043d\u0430\u0447\u0435\u043d\u0438\u044f \u0430\u043b\u0433\u0435\u0431\u0440\u0430\u0438\u0447\u0435\u0441\u043a\u043e\u0439 \u0434\u0440\u043e\u0431\u0438.",
        "subject_tag": 2,
        "about": "\u041f\u0435\u0440\u0432\u0430\u044f \u0442\u0435\u043c\u0430 \u0432 \u043a\u0443\u0440\u0441\u0435 \u0430\u043b\u0433\u0435\u0431\u0440\u044b 8 \u043a\u043b\u0430\u0441\u0441\u0430. \u0423\u0447\u0435\u043d\u0438\u043a\u0438 \u043f\u043e\u0437\u043d\u0430\u043a\u043e\u043c\u044f\u0442\u0441\u044f \u0441 \u043f\u043e\u043d\u044f\u0442\u0438\u044f\u043c\u0438 \"\u0430\u043b\u0433\u0435\u0431\u0440\u0430\u0438\u0447\u0435\u0441\u043a\u0430\u044f \u0434\u0440\u043e\u0431\u044c\", \"\u0440\u0430\u0446\u0438\u043e\u043d\u0430\u043b\u044c\u043d\u043e\u0435 \u0432\u044b\u0440\u0430\u0436\u0435\u043d\u0438\u0435\", \u043d\u0430\u0443\u0447\u0430\u0442\u0441\u044f \u0432\u044b\u0447\u0438\u0441\u043b\u044f\u0442\u044c \u0437\u043d\u0430\u0447\u0435\u043d\u0438\u044f \u0440\u0430\u0446\u0438\u043e\u043d\u0430\u043b\u044c\u043d\u044b\u0445 \u0432\u044b\u0440\u0430\u0436\u0435\u043d\u0438\u0439.",
        "time": 25
    }
},
{
    "model": "lessons.lessonnoderelation",
    "pk": 1,
    "fields": {
        "lesson": 1,
        "node": 1,
        "order": 0
    }
},
{
    "model": "lessons.lessonnoderelation",
    "pk": 2,
    "fields": {
        "lesson": 1,
        "node": 2,
        "order": 0
    }
},
{
    "model": "lessons.lessonnoderelation",
    "pk": 3,
    "fields": {
        "lesson": 1,
        "node": 3,
        "order": 0
    }
},
{
    "model": "lessons.lessonnoderelation",
    "pk": 4,
    "fields": {
        "lesson": 1,
        "node": 4,
        "order": 0
    }
},
{
    "model": "lessons.lessonnoderelation",
    "pk": 5,
    "fields": {
        "lesson": 4,
        "node": 5,
        "order": 1
    }
},
{
    "model": "lessons.lessonnoderelation",
    "pk": 6,
    "fields": {
        "lesson": 4,
        "node": 6,
        "order": 2
    }
},
{
    "model": "tags.subjecttag",
    "pk": 1,
    "fields": {
        "title": "\u0424\u0438\u0437\u0438\u043a\u0430"
    }
},
{
    "model": "tags.subjecttag",
    "pk": 2,
    "fields": {
        "title": "\u041c\u0430\u0442\u0435\u043c\u0430\u0442\u0438\u043a\u0430"
    }
},
{
    "model": "courses.course",
    "pk": 1,
    "fields": {
        "title": "\u0424\u0438\u0437\u0438\u043a\u0430 7 \u043a\u043b\u0430\u0441\u0441",
        "subject_tag": 1,
        "teacher": [
            "root"
        ],
        "about": "\u041a\u0443\u0440\u0441 \u043f\u043e \u0444\u0438\u0437\u0438\u043a\u0435 \u0434\u043b\u044f 7 \u043a\u043b\u0430\u0441\u0441\u0430"
    }
},
{
    "model": "courses.course",
    "pk": 2,
    "fields": {
        "title": "\u041c\u0430\u0442\u0435\u043c\u0430\u0442\u0438\u043a\u0430 8 \u043a\u043b\u0430\u0441\u0441",
        "subject_tag": 2,
        "teacher": [
            "root"
        ],
        "about": "\u041a\u043b\u0430\u0441\u0441\u0438\u0447\u0435\u0441\u043a\u0438\u0439 \u043a\u0443\u0440\u0441 \u043f\u043e \u043c\u0430\u0442\u0435\u043c\u0430\u0442\u0438\u043a\u0435 \u0434\u043b\u044f \u0443\u0447\u0435\u043d\u0438\u043a\u043e\u0432 8 \u043a\u043b\u0430\u0441\u0441\u0430 \u043e\u0431\u0449\u0435\u043e\u0431\u0440\u0430\u0437\u043e\u0432\u0430\u0442\u0435\u043b\u044c\u043d\u043e\u0439 \u0448\u043a\u043e\u043b\u044b"
    }
},
{
    "model": "courses.courselessonrelation",
    "pk": 1,
    "fields": {
        "course": 1,
        "lesson": 1,
        "order": 1
    }
},
{
    "model": "courses.courselessonrelation",
    "pk": 2,
    "fields": {
        "course": 1,
        "lesson": 3,
        "order": 2
    }
},
{
    "model": "courses.courselessonrelation",
    "pk": 3,
    "fields": {
        "course": 2,
        "lesson": 4,
        "order": 1
    }
},
{
    "model": "groups.studentgroup",
    "pk": 1,
    "fields": {
        "title": "\u04247",
        "teacher": [
            "root"
        ],
        "about": "\u0424\u0438\u0437\u0438\u043a\u0430 7 \u043a\u043b\u0430\u0441\u0441"
    }
},
{
    "model": "groups.studentgrouprelation",
    "pk": 1,
    "fields": {
        "student": [
            "user"
        ],
        "group": 1
    }
},
{
    "model": "groups.studentgrouprelation",
    "pk": 2,
    "fields": {
        "student": [
            "Student1"
        ],
        "group": 1
    }
},
{
    "model": "groups.studentgrouprelation",
    "pk": 4,
    "fields": {
        "student": [
            "root"
        ],
        "group": 1
    }
},
{
    "model": "groups.coursegrouprelation",
    "pk": 1,
    "fields": {
        "course": 1,
        "group": 1,
        "start_time": "2017-08-09T08:02:42Z",
        "finish_time": null,
        "is_finished": false
    }
}
]
